Sex,FamilySize,IsAlone,Fare_Log,FarePerPerson,FarePerPerson_Log,IsChild,AgeGroup,HasCabin,Pclass_1,Pclass_2,Pclass_3,Title_Master,Title_Miss,Title_Mr,Title_Mrs,Title_Rare,Embarked_Q,Embarked_S,Sex_Pclass_1,Sex_Pclass_2,Sex_Pclass_3,Child_Pclass_1,Child_Pclass_2,Child_Pclass_3,FareLogPerP_Pclass_1,FareLogPerP_Pclass_2,FareLogPerP_Pclass_3
0,0.07335229062787217,0,-0.8983234796079217,-0.472827188128303,-1.2318802879735877,0,1,0,False,False,True,False,False,True,False,False,False,True,0,0,0,0,0,0,0.0,0.0,1.5314763709643886
1,0.07335229062787217,0,1.3436890793764515,0.4227750055843896,1.182728486883596,0,2,1,True,False,False,False,False,False,True,False,False,False,1,0,0,0,0,0,3.6011855715430774,0.0,0.0
1,-0.5583460543187373,1,-0.8170847630620884,-0.35254322859585413,-0.4649535083939167,0,1,0,False,False,True,False,True,False,False,False,False,True,0,0,1,0,0,0,0.0,0.0,2.188856327665703
1,0.07335229062787217,0,1.0443667513097303,0.1684541542627179,0.850022104345106,0,2,1,True,False,False,False,False,False,True,False,False,True,1,0,0,0,0,0,3.3160025355989236,0.0,0.0
0,-0.5583460543187373,1,-0.8027172900910506,-0.34904660186525965,-0.44872735583853,0,2,0,False,False,True,False,False,True,False,False,False,True,0,0,0,0,0,0,0.0,0.0,2.2027647577118348
0,-0.5583460543187373,1,-0.7571329586510297,-0.337625220312446,-0.39724590759971296,0,1,0,False,False,True,False,False,True,False,False,True,False,0,0,0,0,0,0,0.0,0.0,2.246892662898172
0,-0.5583460543187373,1,1.0204630411157376,0.8765210672080925,1.6103126889749138,0,3,1,True,False,False,False,False,True,False,False,False,True,0,0,0,0,0,0,3.967694202798607,0.0,0.0
0,1.9684473254677004,0,0.11839332142775016,-0.4563231099598972,-1.091810131692935,1,0,0,False,False,True,True,False,False,False,False,False,True,0,0,0,0,0,1,0.0,0.0,1.6515390884527357
1,0.7050506355744817,0,-0.49985170813525875,-0.47041871163626947,-1.2103615196774171,0,1,0,False,False,True,False,False,False,True,False,False,True,0,0,1,0,0,0,0.0,0.0,1.5499214264083454
1,0.07335229062787217,0,0.4714977871731756,-0.15364391095410432,0.21863130747531942,1,0,0,False,True,False,False,False,False,True,False,False,False,0,1,0,0,1,0,0.0,2.774798778265854,0.0
1,0.7050506355744817,0,-0.10977789004758143,-0.41851291957973596,-0.8229374490798329,1,0,1,False,False,True,False,True,False,False,False,False,True,0,0,1,0,0,1,0.0,0.0,1.882006347075833
1,-0.5583460543187373,1,0.34726251575909495,0.1684541542627179,0.850022104345106,0,3,1,True,False,False,False,True,False,False,False,False,True,1,0,0,0,0,0,3.3160025355989236,0.0,0.0
0,-0.5583460543187373,1,-0.8027172900910506,-0.34904660186525965,-0.44872735583853,0,1,0,False,False,True,False,False,True,False,False,False,True,0,0,0,0,0,0,0.0,0.0,2.2027647577118348
0,3.2318440153609194,0,0.5107772368542245,-0.44924993360200904,-1.036572332294849,0,2,0,False,False,True,False,False,True,False,False,False,True,0,0,0,0,0,0,0.0,0.0,1.698886792488434
1,-0.5583460543187373,1,-0.8253120304442058,-0.35452371797606286,-0.47424511422643134,1,0,0,False,False,True,False,True,False,False,False,False,True,0,0,1,0,0,1,0.0,0.0,2.180891922715322
1,-0.5583460543187373,1,-0.15146096612865576,-0.12666114179945312,0.2867801677584179,0,3,0,False,True,False,False,False,False,True,False,False,True,0,1,0,0,0,0,0.0,2.833213344056216,0.0
0,2.6001456704143098,0,0.439564432096984,-0.43844369194412425,-0.9569293691779016,1,0,0,False,False,True,True,False,False,False,False,True,False,0,0,0,0,0,1,0.0,0.0,1.767153658425855
0,-0.5583460543187373,1,-0.3520250326978165,-0.21058018333371975,0.06026969177978496,0,1,0,False,True,False,False,False,True,False,False,False,True,0,0,0,0,0,0,0.0,2.6390573296152584,0.0
1,0.07335229062787217,0,-0.03656436738729706,-0.32247223871274194,-0.3322728039554818,0,1,0,False,False,True,False,False,False,True,False,False,True,0,0,1,0,0,0,0.0,0.0,2.302585092994046
1,-0.5583460543187373,1,-0.901458549250232,-0.372124338287183,-0.5602424940857058,0,1,0,False,False,True,False,False,False,True,False,False,False,0,0,1,0,0,0,0.0,0.0,2.1071782966514356
0,-0.5583460543187373,1,0.3264312852117051,0.15306899664810233,0.8264959960684631,0,2,0,False,True,False,False,False,True,False,False,False,True,0,0,0,0,0,0,0.0,3.295836866004329,0.0
0,-0.5583460543187373,1,-0.3520250326978165,-0.21058018333371975,0.06026969177978496,0,2,1,False,True,False,False,False,True,False,False,False,True,0,0,0,0,0,0,0.0,2.6390573296152584,0.0
1,-0.5583460543187373,1,-0.8050942211818745,-0.3496284405532306,-0.451411783821871,1,0,0,False,False,True,False,True,False,False,False,True,False,0,0,1,0,0,1,0.0,0.0,2.2004637699272855
0,-0.5583460543187373,1,0.6378567709605387,0.41881262817328,1.1782097213409835,0,1,1,True,False,False,False,False,True,False,False,False,True,0,0,0,0,0,0,3.597312260588446,0.0,0.0
1,1.9684473254677004,0,0.11839332142775016,-0.4563231099598972,-1.091810131692935,1,0,0,False,False,True,False,True,False,False,False,False,True,0,0,1,0,0,1,0.0,0.0,1.6515390884527357
1,3.2318440153609194,0,0.5143716893068679,-0.44880036730807543,-1.0331483043816243,0,2,0,False,False,True,False,False,False,True,False,False,True,0,0,1,0,0,0,0.0,0.0,1.7018217367116275
0,-0.5583460543187373,1,-0.901458549250232,-0.372124338287183,-0.5602424940857058,0,1,0,False,False,True,False,False,True,False,False,False,False,0,0,0,0,0,0,0.0,0.0,2.1071782966514356
0,2.6001456704143098,0,2.6817978384037495,0.6519210768795762,1.4181174835963783,0,1,1,True,False,False,False,False,True,False,False,False,True,0,0,0,0,0,0,3.802951910373784,0.0,0.0
1,-0.5583460543187373,1,-0.8223994323564051,-0.3538243926299439,-0.4709557215127337,0,1,0,False,False,True,False,True,False,False,False,True,False,0,0,1,0,0,0,0.0,0.0,2.1837114628556327
0,-0.5583460543187373,1,-0.8204699941290207,-0.35336004060012094,-0.4687766772864564,0,1,0,False,False,True,False,False,True,False,False,False,True,0,0,0,0,0,0,0.0,0.0,2.1855792552411137
0,-0.5583460543187373,1,0.3902552019016247,0.2012049588721577,0.8985766334206637,0,2,0,True,False,False,False,False,False,False,False,False,False,0,0,0,0,0,0,3.357621598945279,0.0,0.0
1,0.07335229062787217,0,2.080609871989545,1.4750848201567874,2.00683506082887,0,1,1,True,False,False,False,False,False,True,False,False,False,1,0,0,0,0,0,4.307577835214363,0.0,0.0
1,-0.5583460543187373,1,-0.8375409692255245,-0.3574385060186863,-0.4880560764364286,0,1,0,False,False,True,False,True,False,False,False,True,False,0,0,1,0,0,0,0.0,0.0,2.169053700369523
0,-0.5583460543187373,1,-0.555227682193912,-0.2805127179456086,-0.16922071318070772,0,4,0,False,True,False,False,False,True,False,False,False,True,0,0,0,0,0,0,0.0,2.4423470353692043,0.0
0,0.07335229062787217,0,1.4886229423451032,0.5750530997017776,1.3443262111076402,0,1,0,True,False,False,False,False,True,False,False,False,False,0,0,0,0,0,0,3.7397008871924475,0.0,0.0
0,0.07335229062787217,0,1.0231464884145276,0.15306899664810233,0.8264959960684631,0,2,0,True,False,False,False,False,True,False,False,False,True,0,0,0,0,0,0,3.295836866004329,0.0,0.0
0,-0.5583460543187373,1,-0.9009311921448002,-0.3720068516290351,-0.5596469142742001,0,1,0,False,False,True,False,False,True,False,False,False,False,0,0,0,0,0,0,0.0,0.0,2.1076888046179385
0,-0.5583460543187373,1,-0.8027172900910506,-0.34904660186525965,-0.44872735583853,0,1,0,False,False,True,False,False,True,False,False,False,True,0,0,0,0,0,0,0.0,0.0,2.2027647577118348
1,0.7050506355744817,0,-0.03656436738729706,-0.40639128024700855,-0.7483846177143223,0,1,0,False,False,True,False,True,False,False,False,False,True,0,0,1,0,0,0,0.0,0.0,1.9459101490553132
1,0.07335229062787217,0,-0.49066373334637536,-0.4169972484462476,-0.8133506730485246,1,0,0,False,False,True,False,True,False,False,False,False,False,0,0,1,0,0,1,0.0,0.0,1.8902237604980383
1,0.07335229062787217,0,-0.6516644200510788,-0.4417072102260124,-0.9804139606999595,0,2,0,False,False,True,False,False,False,True,False,False,True,0,0,1,0,0,0,0.0,0.0,1.7470235753866634
1,0.07335229062787217,0,0.11487770378290146,-0.2805127179456086,-0.16922071318070772,0,1,0,False,True,False,False,False,False,True,False,False,True,0,1,0,0,0,0,0.0,2.4423470353692043,0.0
0,-0.5583460543187373,1,-0.8204699941290207,-0.35336004060012094,-0.4687766772864564,0,1,0,False,False,True,False,False,True,False,False,False,False,0,0,0,0,0,0,0.0,0.0,2.1855792552411137
1,1.3367489805210908,0,0.796994867650015,-0.2834554790020769,-0.17994206091881335,1,0,0,False,True,False,False,True,False,False,False,False,False,0,1,0,0,1,0,0.0,2.4331571109859165,0.0
1,-0.5583460543187373,1,-0.8223994323564051,-0.3538243926299439,-0.4709557215127337,0,1,0,False,False,True,False,True,False,False,False,True,False,0,0,1,0,0,0,0.0,0.0,2.1837114628556327
0,-0.5583460543187373,1,-0.8027172900910506,-0.34904660186525965,-0.44872735583853,0,1,0,False,False,True,False,False,True,False,False,False,True,0,0,0,0,0,0,0.0,0.0,2.2027647577118348
0,0.07335229062787217,0,-0.18229921600558732,-0.3574385060186863,-0.4880560764364286,0,1,0,False,False,True,False,False,True,False,False,True,False,0,0,0,0,0,0,0.0,0.0,2.169053700369523
1,-0.5583460543187373,1,-0.8375409692255245,-0.3574385060186863,-0.4880560764364286,0,1,0,False,False,True,False,True,False,False,False,True,False,0,0,1,0,0,0,0.0,0.0,2.169053700369523
0,0.7050506355744817,0,0.14628698660938563,-0.3720851760678003,-0.5600439336968167,0,1,0,False,False,True,False,False,True,False,False,False,False,0,0,0,0,0,0,0.0,0.0,2.107348494932844
1,0.07335229062787217,0,-0.047495735577579266,-0.3252695400972175,-0.3439979434752469,0,1,0,False,False,True,False,False,False,True,False,False,True,0,0,1,0,0,0,0.0,0.0,2.2925347571405443
0,2.6001456704143098,0,0.7500500215928563,-0.38919953215491926,-0.6502057579610022,1,0,0,False,False,True,True,False,False,False,False,False,True,0,0,0,0,0,1,0.0,0.0,2.0300652682819424
0,-0.5583460543187373,1,-0.8316548868940589,-0.35603985532644855,-0.4814085281823651,0,1,0,False,False,True,False,False,True,False,False,False,True,0,0,0,0,0,0,0.0,0.0,2.174751721484161
1,0.07335229062787217,0,1.4187243378720666,0.4989441236329668,1.266354945040138,0,3,1,True,False,False,False,False,False,True,False,False,False,1,0,0,0,0,0,3.672866935273995,0.0,0.0
1,0.07335229062787217,0,0.3264312852117051,-0.21058018333371975,0.06026969177978496,0,1,0,False,True,False,False,False,False,True,False,False,True,0,1,0,0,0,0,0.0,2.6390573296152584,0.0
0,0.07335229062787217,0,1.2013528067136907,0.2926431465278946,1.0243280536205464,0,4,1,True,False,False,False,False,True,False,False,False,False,0,0,0,0,0,0,3.465410849975781,0.0,0.0
0,-0.5583460543187373,1,0.6378567709605387,0.41881262817328,1.1782097213409835,0,1,1,True,False,False,False,False,True,False,False,False,True,0,0,0,0,0,0,3.597312260588446,0.0,0.0
1,-0.5583460543187373,1,-0.555227682193912,-0.2805127179456086,-0.16922071318070772,0,1,0,False,True,False,False,True,False,False,False,False,True,0,1,0,0,0,0,0.0,2.4423470353692043,0.0
0,-0.5583460543187373,1,-0.9009311921448002,-0.3720068516290351,-0.5596469142742001,0,1,0,False,False,True,False,False,True,False,False,False,False,0,0,0,0,0,0,0.0,0.0,2.1076888046179385
1,1.3367489805210908,0,0.3913049084830483,-0.38016657976755025,-0.6017515220383393,1,0,0,False,True,False,False,True,False,False,False,False,True,0,1,0,0,1,0,0.0,2.07159836421881,0.0
0,3.8635423603075285,0,0.9186307868769773,-0.41023756965066244,-0.7715288522709584,1,0,0,False,False,True,True,False,False,False,False,False,True,0,0,0,0,0,1,0.0,0.0,1.926071806835649
0,-0.5583460543187373,1,-0.9009311921448002,-0.3720068516290351,-0.5596469142742001,0,1,0,False,False,True,False,False,True,False,False,False,False,0,0,0,0,0,0,0.0,0.0,2.1076888046179385
1,-0.5583460543187373,1,1.4613028926278855,1.6636117442649017,2.1081827526631836,0,2,1,True,False,False,False,True,False,False,False,False,True,1,0,0,0,0,0,4.394449154672439,0.0,0.0
0,0.07335229062787217,0,1.5046957798362923,0.5932943020299426,1.3622643375049535,0,2,1,True,False,False,False,False,True,False,False,False,True,0,0,0,0,0,0,3.75507675496542,0.0,0.0
0,2.6001456704143098,0,0.3966804868978945,-0.44415484893742857,-0.9983429434919294,1,0,0,False,False,True,True,False,False,False,False,False,True,0,0,0,0,0,1,0.0,0.0,1.7316555451583495
0,-0.5583460543187373,1,0.3902552019016247,0.2012049588721577,0.8985766334206637,0,1,0,True,False,False,False,False,True,False,False,False,False,0,0,0,0,0,0,3.357621598945279,0.0,0.0
0,0.7050506355744817,0,-0.19833761225710508,-0.4320723718240838,-0.9123998630202187,0,1,0,False,False,True,True,False,False,False,False,False,False,0,0,0,0,0,0,0.0,0.0,1.8053226278885095
1,-0.5583460543187373,1,-0.555227682193912,-0.2805127179456086,-0.16922071318070772,0,1,1,False,True,False,False,False,False,True,False,False,True,0,1,0,0,0,0,0.0,2.4423470353692043,0.0
0,-0.5583460543187373,1,-0.7904288586245942,-0.3460171244658726,-0.43484920454198145,0,1,0,False,False,True,False,False,True,False,False,False,True,0,0,0,0,0,0,0.0,0.0,2.2146605719425225
1,3.2318440153609194,0,-0.8170847630620884,-0.5425599154984436,-2.1352678524793594,0,1,0,False,False,True,False,True,False,False,False,False,True,0,0,1,0,0,0,0.0,0.0,0.7571275102233525
0,0.7050506355744817,0,-0.7350682364384206,-0.4934572858388102,-1.4345377027592854,0,1,0,False,False,True,False,False,True,False,False,False,True,0,0,0,0,0,0,0.0,0.0,1.3577662775053525
0,-0.5583460543187373,1,-0.555227682193912,-0.2805127179456086,-0.16922071318070772,0,1,0,False,True,False,False,False,True,False,False,False,True,0,0,0,0,0,0,0.0,2.4423470353692043,0.0
1,3.8635423603075285,0,0.9186307868769773,-0.41023756965066244,-0.7715288522709584,0,0,0,False,False,True,False,True,False,False,False,False,True,0,0,1,0,0,0,0.0,0.0,1.926071806835649
0,-0.5583460543187373,1,1.3748920230459027,1.4817871542739907,2.010593151826121,0,1,0,False,True,False,False,False,True,False,False,False,True,0,0,0,0,0,0,0.0,4.310799125385514,0.0
0,0.07335229062787217,0,-0.2499399164147771,-0.37206559495810904,-0.5599446661739235,0,1,0,False,False,True,False,False,True,False,False,False,False,0,0,0,0,0,0,0.0,0.0,2.107433583211985
0,-0.5583460543187373,1,1.1072537150765218,1.0061284322549986,1.70833122841545,0,1,0,False,False,True,False,False,True,False,False,False,True,0,0,0,0,0,0,0.0,0.0,4.05171190165724
0,-0.5583460543187373,1,-0.8494147166700847,-0.3602358074031619,-0.5014658972050458,0,1,1,False,False,True,False,False,True,False,False,False,True,0,0,0,0,0,0,0.0,0.0,2.157559320943788
0,-0.5583460543187373,1,-0.8204699941290207,-0.35336004060012094,-0.4687766772864564,0,1,0,False,False,True,False,False,True,False,False,False,True,0,0,0,0,0,0,0.0,0.0,2.1855792552411137
0,-0.5583460543187373,1,-0.8027172900910506,-0.34904660186525965,-0.44872735583853,0,1,0,False,False,True,False,False,True,False,False,False,True,0,0,0,0,0,0,0.0,0.0,2.2027647577118348
0,0.7050506355744817,0,0.4352691882609739,-0.30382356281623824,-0.25697948283988087,1,0,0,False,True,False,True,False,False,False,False,False,True,0,0,0,0,1,0,0.0,2.367123614131617,0.0
1,-0.5583460543187373,1,-0.39150772343236134,-0.2252660156022164,0.015679236349848795,0,1,0,False,False,True,False,True,False,False,False,False,True,0,0,1,0,0,0,0.0,0.0,2.600836116795061
0,-0.5583460543187373,1,-0.699602419155206,-0.32247223871274194,-0.3322728039554818,0,1,0,False,False,True,False,False,True,False,False,False,True,0,0,0,0,0,0,0.0,0.0,2.302585092994046
0,-0.5583460543187373,1,-0.6492019524863049,-0.30848573179036415,-0.2753521706137094,0,1,0,False,False,True,False,False,True,False,False,False,True,0,0,0,0,0,0,0.0,0.0,2.3513752571634776
1,-0.5583460543187373,1,-0.8331232661807578,-0.356389517999508,-0.4830668675690601,0,1,0,False,False,True,False,True,False,False,False,True,False,0,0,1,0,0,0,0.0,0.0,2.1733302571367834
0,-0.5583460543187373,1,0.9229349791635117,0.7432995887724444,1.5001676958464734,0,1,0,True,False,False,False,False,True,False,False,False,True,0,0,0,0,0,0,3.8732821771117156,0.0,0.0
1,-0.5583460543187373,1,-0.555227682193912,-0.2805127179456086,-0.16922071318070772,0,1,0,False,True,False,False,True,False,False,False,False,True,0,1,0,0,0,0,0.0,2.4423470353692043,0.0
1,1.3367489805210908,0,-0.16061616331521889,-0.463386295955698,-1.1497099019466515,0,2,0,False,False,True,False,False,False,True,False,False,True,0,0,1,0,0,0,0.0,0.0,1.6019096460133089
0,1.9684473254677004,0,0.6055165927725422,-0.38191489313284743,-0.6109740330072039,0,0,0,False,False,True,False,False,True,False,False,False,True,0,0,0,0,0,0,0.0,0.0,2.063693184711697
0,-0.5583460543187373,1,-0.8027172900910506,-0.34904660186525965,-0.44872735583853,0,1,0,False,False,True,False,False,True,False,False,False,True,0,0,0,0,0,0,0.0,0.0,2.2027647577118348
1,2.6001456704143098,0,2.6817978384037495,0.6519210768795762,1.4181174835963783,0,1,1,True,False,False,False,True,False,False,False,False,True,1,0,0,0,0,0,3.802951910373784,0.0,0.0
0,-0.5583460543187373,1,-0.8027172900910506,-0.34904660186525965,-0.44872735583853,0,1,0,False,False,True,False,False,True,False,False,False,True,0,0,0,0,0,0,0.0,0.0,2.2027647577118348
0,-0.5583460543187373,1,-0.8027172900910506,-0.34904660186525965,-0.44872735583853,0,1,0,False,False,True,False,False,True,False,False,False,True,0,0,0,0,0,0,0.0,0.0,2.2027647577118348
0,-0.5583460543187373,1,-0.8253120304442058,-0.35452371797606286,-0.47424511422643134,0,1,0,False,False,True,False,False,True,False,False,False,True,0,0,0,0,0,0,0.0,0.0,2.180891922715322
0,0.07335229062787217,0,1.1880771231678098,0.28139519766091836,1.0095707643726266,0,2,1,True,False,False,False,False,True,False,False,False,True,0,0,0,0,0,0,3.4527614727143128,0.0,0.0
0,1.3367489805210908,0,0.0947266584616812,-0.43034317335158045,-0.9006019936989517,0,1,0,False,False,True,False,False,True,False,False,False,True,0,0,0,0,0,0,0.0,0.0,1.8154353049133396
0,-0.5583460543187373,1,-0.8983234796079217,-0.3714250129410641,-0.5567018492979666,0,3,0,False,False,True,False,False,True,False,False,False,True,0,0,0,0,0,0,0.0,0.0,2.1102132003465894
0,-0.5583460543187373,1,-0.8027172900910506,-0.34904660186525965,-0.44872735583853,0,1,0,False,False,True,False,False,True,False,False,False,True,0,0,0,0,0,0,0.0,0.0,2.2027647577118348
0,-0.5583460543187373,1,0.6136376580503728,0.39515305306338583,1.1508574498852677,0,4,1,True,False,False,False,False,True,False,False,False,False,0,0,0,0,0,0,3.57386695198272,0.0,0.0
0,0.07335229062787217,0,1.2237291282633282,0.3119319382245458,1.04920832976376,0,1,1,True,False,False,False,False,True,False,False,False,False,0,0,0,0,0,0,3.48673725986162,0.0,0.0
1,0.07335229062787217,0,0.20476086118634793,-0.2525397041008531,-0.07194426267758838,0,2,0,False,True,False,False,False,False,True,False,False,True,0,1,0,0,0,0,0.0,2.5257286443082556,0.0
0,0.07335229062787217,0,0.3264312852117051,-0.21058018333371975,0.06026969177978496,0,2,0,False,True,False,False,False,True,False,False,False,True,0,0,0,0,0,0,0.0,2.6390573296152584,0.0
1,-0.5583460543187373,1,-0.8204699941290207,-0.35336004060012094,-0.4687766772864564,0,1,0,False,False,True,False,True,False,False,False,False,True,0,0,1,0,0,0,0.0,0.0,2.1855792552411137
0,-0.5583460543187373,1,-0.8204699941290207,-0.35336004060012094,-0.4687766772864564,0,1,0,False,False,True,False,False,True,False,False,False,True,0,0,0,0,0,0,0.0,0.0,2.1855792552411137
0,0.07335229062787217,0,1.4261175074523362,0.5067527904477301,1.2745988672890451,0,1,1,True,False,False,False,False,True,False,False,False,True,0,0,0,0,0,0,3.6799333064000703,0.0,0.0
0,-0.5583460543187373,1,-0.7359559594095255,-0.3321453069002584,-0.3733292995051211,0,2,0,False,False,True,False,False,True,False,False,False,True,0,0,0,0,0,0,0.0,0.0,2.267393053825037
0,0.7050506355744817,0,-0.8170847630620884,-0.500333985075646,-1.5107483588650077,0,2,0,False,False,True,False,False,True,False,False,False,True,0,0,0,0,0,0,0.0,0.0,1.2924414523135441
0,-0.5583460543187373,1,-0.8204699941290207,-0.35336004060012094,-0.4687766772864564,0,1,0,False,False,True,False,False,True,False,False,False,True,0,0,0,0,0,0,0.0,0.0,2.1855792552411137
1,-0.5583460543187373,1,-0.8494147166700847,-0.3602358074031619,-0.5014658972050458,0,1,0,False,False,True,False,True,False,False,False,False,True,0,0,1,0,0,0,0.0,0.0,2.157559320943788
0,-0.5583460543187373,1,-0.8345937356877873,-0.35673918067256744,-0.4847275675820131,0,1,0,False,False,True,False,False,True,False,False,False,True,0,0,0,0,0,0,0.0,0.0,2.1719067693519296
0,-0.5583460543187373,1,-0.8204699941290207,-0.35336004060012094,-0.4687766772864564,0,2,0,False,False,True,False,False,True,False,False,False,True,0,0,0,0,0,0,0.0,0.0,2.1855792552411137
1,0.07335229062787217,0,0.2531096794067489,-0.23645522114011863,-0.019476465131229637,0,1,0,False,False,True,False,True,False,False,False,True,False,0,0,1,0,0,0,0.0,0.0,2.5707020099509865
0,-0.5583460543187373,1,1.0231464884145276,0.8803673566117465,1.61334328630628,0,2,1,True,False,False,False,False,True,False,False,False,True,0,0,0,0,0,0,3.970291913552122,0.0,0.0
1,0.07335229062787217,0,-0.2499399164147771,-0.37206559495810904,-0.5599446661739235,1,0,0,False,False,True,False,True,False,False,False,False,False,0,0,1,0,0,1,0.0,0.0,2.107433583211985
0,-0.5583460543187373,1,-0.8027172900910506,-0.34904660186525965,-0.44872735583853,0,1,0,False,False,True,False,False,True,False,False,False,True,0,0,0,0,0,0,0.0,0.0,2.2027647577118348
1,0.07335229062787217,0,-0.6177128543335606,-0.4368119328031802,-0.9453620068011727,0,1,0,False,False,True,False,True,False,False,False,False,True,0,0,1,0,0,0,0.0,0.0,1.7770687538180514
1,-0.5583460543187373,1,-0.2496658965776702,-0.16978713724391276,0.175870741558764,0,1,0,False,False,True,False,True,False,False,False,False,False,0,0,1,0,0,0,0.0,0.0,2.738146075922933
0,-0.5583460543187373,1,-0.8170847630620884,-0.35254322859585413,-0.4649535083939167,0,1,0,False,False,True,False,False,True,False,False,False,True,0,0,0,0,0,0,0.0,0.0,2.188856327665703
0,-0.5583460543187373,1,-0.8375409692255245,-0.3574385060186863,-0.4880560764364286,0,4,0,False,False,True,False,False,True,False,False,True,False,0,0,0,0,0,0,0.0,0.0,2.169053700369523
0,0.07335229062787217,0,0.11487770378290146,-0.2805127179456086,-0.16922071318070772,0,1,0,False,True,False,False,False,True,False,False,False,True,0,0,0,0,0,0,0.0,2.4423470353692043,0.0
0,0.07335229062787217,0,2.6193810538388766,2.8877220193169424,2.6121088426018817,0,1,1,True,False,False,False,False,True,False,False,False,False,0,0,0,0,0,0,4.826395097890282,0.0,0.0
1,3.2318440153609194,0,0.5107772368542245,-0.44924993360200904,-1.036572332294849,1,0,0,False,False,True,False,True,False,False,False,False,True,0,0,1,0,0,1,0.0,0.0,1.698886792488434
0,0.7050506355744817,0,1.3748920230459027,0.11110947588096902,0.7598126148590305,0,1,0,False,True,False,False,False,True,False,False,False,True,0,0,0,0,0,0,0.0,3.2386784521643803,0.0
0,-0.5583460543187373,1,-0.8027172900910506,-0.34904660186525965,-0.44872735583853,0,1,0,False,False,True,False,False,True,False,False,False,True,0,0,0,0,0,0,0.0,0.0,2.2027647577118348
0,0.07335229062787217,0,0.4714977871731756,-0.15364391095410432,0.21863130747531942,0,2,0,False,True,False,False,False,True,False,False,False,False,0,0,0,0,0,0,0.0,2.774798778265854,0.0
1,-0.5583460543187373,1,-0.3520250326978165,-0.21058018333371975,0.06026969177978496,0,2,1,False,True,False,False,True,False,False,False,False,True,0,1,0,0,0,0,0.0,2.6390573296152584,0.0
0,0.07335229062787217,0,1.4261175074523362,0.5067527904477301,1.2745988672890451,0,3,1,True,False,False,False,False,True,False,False,False,True,0,0,0,0,0,0,3.6799333064000703,0.0,0.0
0,0.07335229062787217,0,-0.49066373334637536,-0.4169972484462476,-0.8133506730485246,1,0,0,False,False,True,True,False,False,False,False,False,False,0,0,0,0,0,1,0.0,0.0,1.8902237604980383
0,-0.5583460543187373,1,-0.8375409692255245,-0.3574385060186863,-0.4880560764364286,0,1,0,False,False,True,False,False,True,False,False,True,False,0,0,0,0,0,0,0.0,0.0,2.169053700369523
0,-0.5583460543187373,1,-0.9119738065372249,-0.37445449034045114,-0.5721180806444438,0,1,0,False,False,True,False,False,True,False,False,False,True,0,0,0,0,0,0,0.0,0.0,2.0969990034181696
1,0.7050506355744817,0,0.17676493822332395,-0.36575301816714256,-0.5283750879770513,0,1,1,False,False,True,False,True,False,False,False,False,False,0,0,1,0,0,0,0.0,0.0,2.134493803953674
0,-0.5583460543187373,1,-0.9333439402753757,-0.3791175917483719,-0.5962528085025189,0,2,0,False,False,True,False,False,True,False,False,False,True,0,0,0,0,0,0,0.0,0.0,2.076311648670908
0,-0.5583460543187373,1,-0.8204699941290207,-0.35336004060012094,-0.4687766772864564,0,2,0,False,False,True,False,False,True,False,False,False,False,0,0,0,0,0,0,0.0,0.0,2.1855792552411137
0,-0.5583460543187373,1,-0.9236745593388559,-0.3770196157100152,-0.5853325269395474,0,1,0,False,False,True,False,False,True,False,False,False,True,0,0,0,0,0,0,0.0,0.0,2.0856720914304723
1,0.07335229062787217,0,-0.2468830357530056,-0.3714250129410641,-0.5567018492979666,0,2,0,False,False,True,False,False,False,True,False,False,True,0,0,1,0,0,0,0.0,0.0,2.1102132003465894
1,0.07335229062787217,0,0.3264312852117051,-0.21058018333371975,0.06026969177978496,0,1,0,False,True,False,False,False,False,True,False,False,True,0,1,0,0,0,0,0.0,2.6390573296152584,0.0
0,-0.5583460543187373,1,-0.3520250326978165,-0.21058018333371975,0.06026969177978496,0,1,0,False,True,False,False,False,True,False,False,False,True,0,0,0,0,0,0,0.0,2.6390573296152584,0.0
0,-0.5583460543187373,1,-0.21113373091724366,-0.15335299161011887,0.21938770515812883,0,1,0,False,True,False,False,False,True,False,False,False,False,0,0,0,0,0,0,0.0,2.775447133088262,0.0
1,0.7050506355744817,0,0.33721371279344026,-0.329154991720254,-0.3604821899292488,0,1,1,True,False,False,False,True,False,False,False,False,True,1,0,0,0,0,0,2.278405098992312,0.0,0.0
0,0.07335229062787217,0,1.0443667513097303,0.1684541542627179,0.850022104345106,0,2,1,True,False,False,False,False,True,False,False,False,True,0,0,0,0,0,0,3.3160025355989236,0.0,0.0
0,-0.5583460543187373,1,-0.6774563040864731,-0.3164104866125834,-0.30726170824374577,0,0,0,False,False,True,False,False,True,False,False,False,True,0,0,0,0,0,0,0.0,0.0,2.3240236363515288
0,-0.5583460543187373,1,1.451049660518055,1.6412333331890974,2.096603088742098,0,1,1,True,False,False,False,False,True,False,False,False,False,0,0,0,0,0,0,4.384523514872469,0.0,0.0
1,0.7050506355744817,0,-0.19833761225710508,-0.4320723718240838,-0.9123998630202187,0,1,0,False,False,True,False,False,False,True,False,False,False,0,0,1,0,0,0,0.0,0.0,1.8053226278885095
1,-0.5583460543187373,1,-0.8375409692255245,-0.3574385060186863,-0.4880560764364286,0,1,0,False,False,True,False,True,False,False,False,False,True,0,0,1,0,0,0,0.0,0.0,2.169053700369523
1,0.07335229062787217,0,-0.16061616331521889,-0.35254322859585413,-0.4649535083939167,0,1,0,False,False,True,False,False,False,True,False,False,True,0,0,1,0,0,0,0.0,0.0,2.188856327665703
0,-0.5583460543187373,1,-0.9629072993553399,-0.3854115198634419,-0.6296406962297596,0,1,0,False,False,True,False,False,True,False,False,True,False,0,0,0,0,0,0,0.0,0.0,2.0476928433652555
0,-0.5583460543187373,1,-0.46909409208058006,-0.2525397041008531,-0.07194426267758838,0,1,0,False,True,False,False,False,True,False,False,False,True,0,0,0,0,0,0,0.0,2.5257286443082556,0.0
0,0.7050506355744817,0,0.6726413588893821,-0.2315599437172864,-0.003965332681934989,0,1,0,False,True,False,False,False,True,False,False,False,True,0,0,0,0,0,0,0.0,2.583997552432231,0.0
0,-0.5583460543187373,1,-0.8321480295338104,-0.35615734198459653,-0.4819654672989589,0,1,0,False,False,True,False,False,True,False,False,False,True,0,0,0,0,0,0,0.0,0.0,2.174274334826008
1,1.9684473254677004,0,0.6055165927725422,-0.38191489313284743,-0.6109740330072039,1,0,0,False,False,True,False,True,False,False,False,False,True,0,0,1,0,0,1,0.0,0.0,2.063693184711697
0,0.7050506355744817,0,0.3264312852117051,-0.33179657666099377,-0.3718237631600347,0,2,1,False,True,False,False,False,True,False,False,False,True,0,0,0,0,0,0,0.0,2.268683541318364,0.0
0,-0.5583460543187373,1,-0.3520250326978165,-0.21058018333371975,0.06026969177978496,0,2,0,False,True,False,False,False,False,False,True,False,True,0,0,0,0,0,0,0.0,2.6390573296152584,0.0
0,-0.5583460543187373,1,-0.3876817758949378,-0.2238673649099786,0.020000135963600157,0,3,0,False,True,False,False,False,False,False,True,False,True,0,0,0,0,0,0,0.0,2.6045398247325453,0.0
1,0.07335229062787217,0,1.2744931206598145,0.3572719977148177,1.1056832245282129,0,1,1,True,False,False,False,False,False,True,False,False,True,1,0,0,0,0,0,3.535145354171894,0.0,0.0
0,-0.5583460543187373,1,-0.8027172900910506,-0.34904660186525965,-0.44872735583853,0,3,0,False,False,True,False,False,True,False,False,False,True,0,0,0,0,0,0,0.0,0.0,2.2027647577118348
0,0.7050506355744817,0,-0.2468830357530056,-0.43902646306589005,-0.9610885235370418,0,2,0,False,False,True,False,False,True,False,False,False,True,0,0,0,0,0,0,0.0,0.0,1.7635885922613586
0,-0.5583460543187373,1,-0.8905271810599493,-0.3696766995757669,-0.5478969655260085,0,1,0,False,False,True,False,False,True,False,False,False,True,0,0,0,0,0,0,0.0,0.0,2.1177604059819726
0,0.07335229062787217,0,1.1914642388072023,0.2842512423744679,1.0133356084271739,0,3,0,True,False,False,False,False,True,False,False,False,False,0,0,0,0,0,0,3.4559885513448463,0.0,0.0
1,-0.5583460543187373,1,-0.8395144162261178,-0.35790565534989377,-0.49028482272717483,0,0,0,False,False,True,False,True,False,False,False,True,False,0,0,1,0,0,0,0.0,0.0,2.167143305297764
0,-0.5583460543187373,1,-0.8027172900910506,-0.34904660186525965,-0.44872735583853,0,1,0,False,False,True,False,False,True,False,False,False,True,0,0,0,0,0,0,0.0,0.0,2.2027647577118348
0,-0.5583460543187373,1,-0.7350682364384206,-0.3319131308853469,-0.3723267343090628,0,1,0,False,False,True,False,False,True,False,False,False,True,0,0,0,0,0,0,0.0,0.0,2.2682524139135403
0,5.758637395147358,0,1.3186165666534067,-0.39736362577892836,-0.6958009468470724,0,1,0,False,False,True,True,False,False,False,False,False,True,0,0,0,0,0,0,0.0,0.0,1.9909828368246127
0,0.07335229062787217,0,-0.14540227043656537,-0.34904660186525965,-0.44872735583853,0,2,0,False,False,True,False,False,True,False,False,False,True,0,0,0,0,0,0,0.0,0.0,2.2027647577118348
1,-0.5583460543187373,1,-0.16676501869789714,-0.133654395260642,0.2694962729353863,0,2,0,False,True,False,False,False,False,True,False,False,True,0,1,0,0,0,0,0.0,2.8183982582710754,0.0
0,-0.5583460543187373,1,-0.8345937356877873,-0.35673918067256744,-0.4847275675820131,0,1,0,False,False,True,False,False,True,False,False,False,True,0,0,0,0,0,0,0.0,0.0,2.1719067693519296
0,-0.5583460543187373,1,-0.7350682364384206,-0.3319131308853469,-0.3723267343090628,0,1,0,False,False,True,False,False,True,False,False,False,True,0,0,0,0,0,0,0.0,0.0,2.2682524139135403
0,2.6001456704143098,0,0.7500500215928563,-0.38919953215491926,-0.6502057579610022,1,0,0,False,False,True,True,False,False,False,False,False,True,0,0,0,0,0,1,0.0,0.0,2.0300652682819424
0,0.7050506355744817,0,0.09232989484760502,-0.3828473269276727,-0.6159226790787165,1,0,0,False,False,True,True,False,False,False,False,False,True,0,0,0,0,0,1,0.0,0.0,2.0594513968033334
1,0.07335229062787217,0,1.0800234945068525,0.19502851741523564,0.8895730635496584,0,1,1,True,False,False,False,False,False,True,False,False,True,1,0,0,0,0,0,3.349904087274605,0.0,0.0
1,2.6001456704143098,0,0.3966804868978945,-0.44415484893742857,-0.9983429434919294,0,2,0,False,False,True,False,False,False,True,False,False,True,0,0,1,0,0,0,0.0,0.0,1.7316555451583495
0,-0.5583460543187373,1,0.32355783508561003,0.15097102060974568,0.8232508157782129,0,1,0,True,False,False,False,False,True,False,False,False,True,0,0,0,0,0,0,3.2930552230424524,0.0,0.0
0,-0.5583460543187373,1,1.1072537150765218,1.0061284322549986,1.70833122841545,0,1,0,False,False,True,False,False,True,False,False,False,True,0,0,0,0,0,0,0.0,0.0,4.05171190165724
0,-0.5583460543187373,1,0.5796439252222684,0.3628666004837689,1.112466043414013,0,3,1,True,False,False,False,False,True,False,False,False,True,0,0,0,0,0,0,3.5409593240373143,0.0,0.0
0,2.6001456704143098,0,0.439564432096984,-0.43844369194412425,-0.9569293691779016,1,0,0,False,False,True,True,False,False,False,False,True,False,0,0,0,0,0,1,0.0,0.0,1.767153658425855
1,0.7050506355744817,0,-0.49985170813525875,-0.47041871163626947,-1.2103615196774171,1,0,0,False,False,True,False,True,False,False,False,False,True,0,0,1,0,0,1,0.0,0.0,1.5499214264083454
0,-0.5583460543187373,1,-0.8170847630620884,-0.35254322859585413,-0.4649535083939167,0,1,0,False,False,True,False,False,True,False,False,False,True,0,0,0,0,0,0,0.0,0.0,2.188856327665703
0,-0.5583460543187373,1,0.4920708068581072,0.2844246750603054,1.0135638369374647,0,3,1,True,False,False,False,False,True,False,False,False,False,0,0,0,0,0,0,3.4561841799918147,0.0,0.0
0,0.7050506355744817,0,-0.8253120304442058,-0.5009941482023821,-1.5183334412884013,0,1,0,False,False,True,False,False,True,False,False,False,True,0,0,0,0,0,0,0.0,0.0,1.2859398131899251
0,1.9684473254677004,0,0.3058233309970645,-0.4317532929794946,-0.9102138759055994,0,1,0,False,False,True,True,False,False,False,False,False,True,0,0,0,0,0,0,0.0,0.0,1.8071963714491994
1,-0.5583460543187373,1,0.42532181935054875,0.2289457967020017,0.9381797205797359,0,3,1,True,False,False,False,True,False,False,False,False,False,1,0,0,0,0,0,3.391567832686312,0.0,0.0
0,-0.5583460543187373,1,-0.3520250326978165,-0.21058018333371975,0.06026969177978496,0,1,0,False,True,False,False,False,True,False,False,False,True,0,0,0,0,0,0,0.0,2.6390573296152584,0.0
0,-0.5583460543187373,1,-3.078183537036835,-0.5742293633155419,-3.0185642737156977,0,2,0,False,False,True,False,False,True,False,False,False,True,0,0,0,0,0,0,0.0,0.0,0.0
1,5.758637395147358,0,1.3186165666534067,-0.39736362577892836,-0.6958009468470724,0,1,0,False,False,True,False,True,False,False,False,False,True,0,0,1,0,0,0,0.0,0.0,1.9909828368246127
0,-0.5583460543187373,1,-0.21086337656728918,-0.15323550495197086,0.2196930344902401,0,1,0,False,True,False,False,False,True,False,False,False,False,0,0,0,0,0,0,0.0,2.775708849576025,0.0
0,3.2318440153609194,0,0.5143716893068679,-0.44880036730807543,-1.0331483043816243,1,0,0,False,False,True,True,False,False,False,False,False,True,0,0,0,0,0,1,0.0,0.0,1.7018217367116275
0,1.3367489805210908,0,0.7324461080494622,-0.30149247832917525,-0.24790051435807572,1,0,1,False,True,False,True,False,False,False,False,False,True,0,0,0,0,1,0,0.0,2.3749057545736716,0.0
1,0.7050506355744817,0,0.16191880276187218,-0.3688608200052949,-0.5438106511482927,1,0,0,False,False,True,False,True,False,False,False,False,True,0,0,1,0,0,1,0.0,0.0,2.1212630365331746
0,-0.5583460543187373,1,0.9834106412875241,0.8244213289222354,1.568466924353138,0,1,1,True,False,False,False,False,True,False,False,False,True,0,0,0,0,0,0,3.9318256327243257,0.0,0.0
1,0.07335229062787217,0,-0.18229921600558732,-0.3574385060186863,-0.4880560764364286,0,1,0,False,False,True,False,False,False,True,False,True,False,0,0,1,0,0,0,0.0,0.0,2.169053700369523
0,-0.5583460543187373,1,0.34726251575909495,0.1684541542627179,0.850022104345106,0,2,0,True,False,False,False,False,True,False,False,False,True,0,0,0,0,0,0,3.3160025355989236,0.0,0.0
0,0.7050506355744817,0,-0.18229921600558732,-0.4297021251176381,-0.8962584255800933,0,2,0,False,False,True,False,False,True,False,False,True,False,0,0,0,0,0,0,0.0,0.0,1.8191584434161694
0,-0.5583460543187373,1,-0.8204699941290207,-0.35336004060012094,-0.4687766772864564,0,2,0,False,False,True,False,False,True,False,False,False,True,0,0,0,0,0,0,0.0,0.0,2.1855792552411137
1,-0.5583460543187373,1,-0.3520250326978165,-0.21058018333371975,0.06026969177978496,0,1,0,False,True,False,False,False,False,True,False,False,True,0,1,0,0,0,0,0.0,2.6390573296152584,0.0
0,-0.5583460543187373,1,-0.3520250326978165,-0.21058018333371975,0.06026969177978496,0,1,0,False,True,False,False,False,True,False,False,False,True,0,0,0,0,0,0,0.0,2.6390573296152584,0.0
1,0.07335229062787217,0,-0.8253120304442058,-0.46437654064580236,-1.1580619662743312,0,1,0,False,False,True,False,True,False,False,False,False,True,0,0,1,0,0,0,0.0,0.0,1.5947505796822232
0,0.7050506355744817,0,0.3264312852117051,-0.33179657666099377,-0.3718237631600347,1,0,1,False,True,False,True,False,False,False,False,False,True,0,0,0,0,1,0,0.0,2.268683541318364,0.0
1,-0.5583460543187373,1,0.3902552019016247,0.2012049588721577,0.8985766334206637,0,2,1,True,False,False,False,False,False,True,False,False,False,1,0,0,0,0,0,3.357621598945279,0.0,0.0
1,-0.5583460543187373,1,2.080609871989545,3.524399003629117,2.8076077347734567,0,3,1,True,False,False,False,True,False,False,False,False,False,1,0,0,0,0,0,4.993969182787072,0.0,0.0
0,-0.5583460543187373,1,-0.8375409692255245,-0.3574385060186863,-0.4880560764364286,0,1,0,False,False,True,False,False,True,False,False,True,False,0,0,0,0,0,0,0.0,0.0,2.169053700369523
0,0.07335229062787217,0,-0.7630585469915707,-0.4566839618384945,-1.0946995507911548,0,2,0,False,False,True,False,False,True,False,False,False,True,0,0,0,0,0,0,0.0,0.0,1.6490623902173178
1,-0.5583460543187373,1,-0.8375409692255245,-0.3574385060186863,-0.4880560764364286,0,1,0,False,False,True,False,True,False,False,False,True,False,0,0,1,0,0,0,0.0,0.0,2.169053700369523
1,-0.5583460543187373,1,-0.3520250326978165,-0.21058018333371975,0.06026969177978496,0,1,0,False,True,False,False,True,False,False,False,False,True,0,1,0,0,0,0,0.0,2.6390573296152584,0.0
0,-0.5583460543187373,1,-0.6492019524863049,-0.30848573179036415,-0.2753521706137094,0,1,0,False,False,True,False,False,True,False,False,False,True,0,0,0,0,0,0,0.0,0.0,2.3513752571634776
0,5.758637395147358,0,1.3186165666534067,-0.39736362577892836,-0.6958009468470724,0,1,0,False,False,True,False,False,True,False,False,False,True,0,0,0,0,0,0,0.0,0.0,1.9909828368246127
0,-0.5583460543187373,1,-0.9973579835857035,-0.3925222599827788,-0.6685481686214723,0,2,0,False,False,True,False,False,True,False,False,False,True,0,0,0,0,0,0,0.0,0.0,2.0143428636837015
0,-0.5583460543187373,1,-0.901458549250232,-0.372124338287183,-0.5602424940857058,0,2,0,False,False,True,False,False,True,False,False,False,False,0,0,0,0,0,0,0.0,0.0,2.1071782966514356
0,-0.5583460543187373,1,-0.8027172900910506,-0.34904660186525965,-0.44872735583853,0,1,0,False,False,True,False,False,True,False,False,False,True,0,0,0,0,0,0,0.0,0.0,2.2027647577118348
1,0.07335229062787217,0,-0.5586016797092096,-0.4278955346401644,-0.8841037572684828,1,0,1,False,False,True,False,True,False,False,False,False,True,0,0,1,0,0,1,0.0,0.0,1.8295769547280114
0,0.07335229062787217,0,-0.16061616331521889,-0.35254322859585413,-0.4649535083939167,0,1,0,False,False,True,False,False,True,False,False,False,True,0,0,0,0,0,0,0.0,0.0,2.188856327665703
0,-0.5583460543187373,1,0.005387445388772386,-0.04868636570719699,0.463919617297122,0,1,0,False,False,True,False,False,True,False,False,False,False,0,0,0,0,0,0,0.0,0.0,2.9850504252071306
1,-0.5583460543187373,1,-0.8375409692255245,-0.3574385060186863,-0.4880560764364286,0,0,0,False,False,True,False,True,False,False,False,True,False,0,0,1,0,0,0,0.0,0.0,2.169053700369523
0,-0.5583460543187373,1,0.5019377809748362,0.29293406587188003,1.0247072737548393,0,2,1,True,False,False,False,False,True,False,False,False,False,0,0,0,0,0,0,3.4657359027997265,0.0,0.0
0,-0.5583460543187373,1,-0.9236745593388559,-0.3770196157100152,-0.5853325269395474,0,1,0,False,False,True,False,False,True,False,False,False,True,0,0,0,0,0,0,0.0,0.0,2.0856720914304723
1,-0.5583460543187373,1,0.11487770378290146,0.013203927424324613,0.5875743225896358,0,2,0,False,True,False,False,True,False,False,False,False,True,0,1,0,0,0,0,0.0,3.091042453358316,0.0
0,-0.5583460543187373,1,-0.8983234796079217,-0.3714250129410641,-0.5567018492979666,0,1,0,False,False,True,False,False,True,False,False,False,True,0,0,0,0,0,0,0.0,0.0,2.1102132003465894
0,-0.5583460543187373,1,-0.3520250326978165,-0.21058018333371975,0.06026969177978496,0,1,0,False,True,False,False,False,True,False,False,False,True,0,0,0,0,0,0,0.0,2.6390573296152584,0.0
0,0.07335229062787217,0,-0.8375409692255245,-0.4658339346671141,-1.1704639205053453,0,1,0,False,False,True,False,False,True,False,False,True,False,0,0,0,0,0,0,0.0,0.0,1.5841201044498106
1,0.07335229062787217,0,1.8168204000705492,1.0100922083168005,1.7112029118088459,0,1,1,True,False,False,False,True,False,False,False,False,False,1,0,0,0,0,0,4.054173397532824,0.0,0.0
1,-0.5583460543187373,1,-0.8170847630620884,-0.35254322859585413,-0.4649535083939167,0,1,0,False,False,True,False,True,False,False,False,False,True,0,0,1,0,0,0,0.0,0.0,2.188856327665703
0,0.07335229062787217,0,0.36399923090451786,-0.19659367641134196,0.10120868394057844,0,2,0,False,True,False,False,False,True,False,False,False,True,0,0,0,0,0,0,0.0,2.6741486494265287,0.0
1,-0.5583460543187373,1,1.412893630707887,1.5598794170243948,2.05351092063044,0,1,1,True,False,False,False,True,False,False,False,False,False,1,0,0,0,0,0,4.347586575960343,0.0,0.0
0,-0.5583460543187373,1,-0.555227682193912,-0.2805127179456086,-0.16922071318070772,0,1,0,False,True,False,False,False,True,False,False,False,True,0,0,0,0,0,0,0.0,2.4423470353692043,0.0
0,-0.5583460543187373,1,-0.8027172900910506,-0.34904660186525965,-0.44872735583853,0,0,0,False,False,True,False,False,True,False,False,False,True,0,0,0,0,0,0,0.0,0.0,2.2027647577118348
0,-0.5583460543187373,1,-0.3520250326978165,-0.21058018333371975,0.06026969177978496,0,1,0,False,True,False,False,False,True,False,False,False,True,0,0,0,0,0,0,0.0,2.6390573296152584,0.0
0,-0.5583460543187373,1,-0.8027172900910506,-0.34904660186525965,-0.44872735583853,0,3,0,False,False,True,False,False,True,False,False,False,True,0,0,0,0,0,0,0.0,0.0,2.2027647577118348
0,-0.5583460543187373,1,-0.8204699941290207,-0.35336004060012094,-0.4687766772864564,0,1,0,False,False,True,False,False,True,False,False,False,True,0,0,0,0,0,0,0.0,0.0,2.1855792552411137
0,0.07335229062787217,0,1.581555327886654,0.6845562596984577,1.4480879058075073,0,2,1,True,False,False,False,False,True,False,False,False,True,0,0,0,0,0,0,3.828641396489095,0.0,0.0
0,-0.5583460543187373,1,-0.6640655852431808,-0.3126816838670775,-0.29213866975148295,0,1,0,False,False,True,False,False,True,False,False,False,True,0,0,0,0,0,0,0.0,0.0,2.336986519711378
0,-0.5583460543187373,1,-0.555227682193912,-0.2805127179456086,-0.16922071318070772,0,1,0,False,True,False,False,False,True,False,False,False,True,0,0,0,0,0,0,0.0,2.4423470353692043,0.0
0,-0.5583460543187373,1,-0.8983234796079217,-0.3714250129410641,-0.5567018492979666,0,1,0,False,False,True,False,False,True,False,False,False,True,0,0,0,0,0,0,0.0,0.0,2.1102132003465894
0,-0.5583460543187373,1,-0.3520250326978165,-0.21058018333371975,0.06026969177978496,0,1,0,False,True,False,False,False,True,False,False,False,True,0,0,0,0,0,0,0.0,2.6390573296152584,0.0
1,1.9684473254677004,0,0.3058233309970645,-0.4317532929794946,-0.9102138759055994,0,1,0,False,False,True,False,True,False,False,False,False,True,0,0,1,0,0,0,0.0,0.0,1.8071963714491994
1,0.07335229062787217,0,1.5046957798362923,0.5932943020299426,1.3622643375049535,0,2,1,True,False,False,False,False,False,True,False,False,True,1,0,0,0,0,0,3.75507675496542,0.0,0.0
0,-0.5583460543187373,1,-0.8345937356877873,-0.35673918067256744,-0.4847275675820131,0,1,0,False,False,True,False,False,True,False,False,False,True,0,0,0,0,0,0,0.0,0.0,2.1719067693519296
0,-0.5583460543187373,1,-0.3157755360088145,-0.19659367641134196,0.10120868394057844,0,3,0,False,True,False,False,False,True,False,False,False,True,0,0,0,0,0,0,0.0,2.6741486494265287,0.0
1,3.2318440153609194,0,0.5143716893068679,-0.44880036730807543,-1.0331483043816243,1,0,0,False,False,True,False,True,False,False,False,False,True,0,0,1,0,0,1,0.0,0.0,1.7018217367116275
0,-0.5583460543187373,1,-0.555227682193912,-0.2805127179456086,-0.16922071318070772,0,1,0,False,True,False,False,False,True,False,False,False,True,0,0,0,0,0,0,0.0,2.4423470353692043,0.0
1,-0.5583460543187373,1,-0.8614265340388997,-0.36303310878763745,-0.5150316496158369,0,1,0,False,False,True,False,True,False,False,False,False,True,0,0,1,0,0,0,0.0,0.0,2.145931282948669
0,0.07335229062787217,0,0.3264312852117051,-0.21058018333371975,0.06026969177978496,0,2,0,False,True,False,False,False,True,False,False,False,True,0,0,0,0,0,0,0.0,2.6390573296152584,0.0
1,0.7050506355744817,0,0.3359521328317571,-0.3294654921739308,-0.3618096110112379,1,0,0,False,True,False,False,True,False,False,False,False,True,0,1,0,0,1,0,0.0,2.277267285009756,0.0
0,-0.5583460543187373,1,-0.555227682193912,-0.2805127179456086,-0.16922071318070772,0,1,0,False,True,False,False,False,True,False,False,False,True,0,0,0,0,0,0,0.0,2.4423470353692043,0.0
0,-0.5583460543187373,1,-0.40695480983606974,-0.2308606183711675,-0.0017661961926775803,0,2,0,False,True,False,False,False,True,False,False,False,True,0,0,0,0,0,0,0.0,2.5858825671280026,0.0
1,0.07335229062787217,0,-0.2499399164147771,-0.37206559495810904,-0.5599446661739235,0,1,0,False,False,True,False,True,False,False,False,False,False,0,0,1,0,0,0,0.0,0.0,2.107433583211985
1,0.07335229062787217,0,-0.18229921600558732,-0.3574385060186863,-0.4880560764364286,0,1,0,False,False,True,False,True,False,False,False,True,False,0,0,1,0,0,0,0.0,0.0,2.169053700369523
0,-0.5583460543187373,1,-0.555227682193912,-0.2805127179456086,-0.16922071318070772,0,1,0,False,True,False,False,False,True,False,False,False,True,0,0,0,0,0,0,0.0,2.4423470353692043,0.0
0,-0.5583460543187373,1,-0.9140948493777385,-0.37492163967165854,-0.5745135168339576,0,1,0,False,False,True,False,False,True,False,False,False,True,0,0,0,0,0,0,0.0,0.0,2.094945728215801
0,-0.5583460543187373,1,-0.901458549250232,-0.372124338287183,-0.5602424940857058,0,1,0,False,False,True,False,False,True,False,False,False,False,0,0,0,0,0,0,0.0,0.0,2.1071782966514356
0,0.7050506355744817,0,1.581555327886654,0.2649610520271245,0.9876679227584555,0,2,1,True,False,False,False,False,False,False,True,True,False,0,0,0,0,0,0,3.4339872044851463,0.0,0.0
1,-0.5583460543187373,1,-0.8345937356877873,-0.35673918067256744,-0.4847275675820131,0,1,0,False,False,True,False,True,False,False,False,False,True,0,0,1,0,0,0,0.0,0.0,2.1719067693519296
1,0.7050506355744817,0,-0.2468830357530056,-0.43902646306589005,-0.9610885235370418,0,1,0,False,True,False,False,False,False,True,False,False,True,0,1,0,0,0,0,0.0,1.7635885922613586,0.0
0,0.7050506355744817,0,1.0338921247522208,-0.08419624191552456,0.3865670898852743,0,2,1,True,False,False,False,False,True,False,False,False,True,0,0,0,0,0,0,2.9187468321201777,0.0,0.0
0,0.07335229062787217,0,0.3264312852117051,-0.21058018333371975,0.06026969177978496,0,3,0,False,True,False,False,False,False,False,True,False,True,0,0,0,0,0,0,0.0,2.6390573296152584,0.0
0,-0.5583460543187373,1,-0.8983234796079217,-0.3714250129410641,-0.5567018492979666,0,1,0,False,False,True,False,False,True,False,False,False,True,0,0,0,0,0,0,0.0,0.0,2.1102132003465894
1,0.7050506355744817,0,-0.5586016797092096,-0.4766734775319568,-1.2670902503106147,0,1,1,False,False,True,False,False,False,True,False,False,True,0,0,1,0,0,0,0.0,0.0,1.5012957538143974
0,-0.5583460543187373,1,0.34726251575909495,0.1684541542627179,0.850022104345106,0,3,1,True,False,False,False,False,True,False,False,False,True,0,0,0,0,0,0,3.3160025355989236,0.0,0.0
0,0.07335229062787217,0,-0.14540227043656537,-0.34904660186525965,-0.44872735583853,0,1,0,False,False,True,False,False,True,False,False,False,True,0,0,0,0,0,0,0.0,0.0,2.2027647577118348
1,0.7050506355744817,0,0.07722280117650888,-0.3857611825365013,-0.6315238952861324,0,2,0,False,False,True,False,False,False,True,False,False,True,0,0,1,0,0,0,0.0,0.0,2.0460786380107145
1,0.7050506355744817,0,-0.19833761225710508,-0.4320723718240838,-0.9123998630202187,0,1,0,False,False,True,False,False,False,True,False,False,False,0,0,1,0,0,0,0.0,0.0,1.8053226278885095
1,-0.5583460543187373,1,1.451049660518055,1.6412333331890974,2.096603088742098,0,1,0,True,False,False,False,False,False,True,False,False,False,1,0,0,0,0,0,4.384523514872469,0.0,0.0
1,-0.5583460543187373,1,1.5410401486561045,1.8454363342558129,2.1982353933237873,0,1,1,True,False,False,False,True,False,False,False,False,True,1,0,0,0,0,0,4.471638793363569,0.0,0.0
1,-0.5583460543187373,1,3.368713137251734,13.757162441356991,4.262349297981435,0,2,0,True,False,False,False,True,False,False,False,False,False,1,0,0,0,0,0,6.240917354759096,0.0,0.0
1,0.07335229062787217,0,0.3264312852117051,-0.21058018333371975,0.06026969177978496,0,3,0,False,True,False,False,False,False,True,False,False,True,0,1,0,0,0,0,0.0,2.6390573296152584,0.0
0,-0.5583460543187373,1,-0.8375409692255245,-0.3574385060186863,-0.4880560764364286,0,1,0,False,False,True,False,False,True,False,False,True,False,0,0,0,0,0,0,0.0,0.0,2.169053700369523
0,3.2318440153609194,0,0.5143716893068679,-0.44880036730807543,-1.0331483043816243,1,0,0,False,False,True,True,False,False,False,False,False,True,0,0,0,0,0,1,0.0,0.0,1.7018217367116275
0,0.7050506355744817,0,1.4568296208187692,0.1684541542627179,0.850022104345106,0,3,1,True,False,False,False,False,True,False,False,False,True,0,0,0,0,0,0,3.3160025355989236,0.0,0.0
0,-0.5583460543187373,1,-3.078183537036835,-0.5742293633155419,-3.0185642737156977,0,2,1,True,False,False,False,False,True,False,False,False,True,0,0,0,0,0,0,0.0,0.0,0.0
1,-0.5583460543187373,1,-0.8375409692255245,-0.3574385060186863,-0.4880560764364286,0,1,0,False,False,True,False,True,False,False,False,True,False,0,0,1,0,0,0,0.0,0.0,2.169053700369523
0,-0.5583460543187373,1,-0.555227682193912,-0.2805127179456086,-0.16922071318070772,0,2,0,False,True,False,False,False,True,False,False,False,True,0,0,0,0,0,0,0.0,2.4423470353692043,0.0
0,2.6001456704143098,0,0.7500500215928563,-0.38919953215491926,-0.6502057579610022,0,0,0,False,False,True,False,False,True,False,False,False,True,0,0,0,0,0,0,0.0,0.0,2.0300652682819424
0,0.07335229062787217,0,-0.8345937356877873,-0.4654842719940547,-1.1674763604550225,0,1,0,False,False,True,False,False,True,False,False,False,True,0,0,0,0,0,0,0.0,0.0,1.5866809253114842
1,0.07335229062787217,0,2.1281096631117453,1.5721749552598572,2.060126698137256,0,3,1,True,False,False,False,False,False,True,False,False,True,1,0,0,0,0,0,4.353257364419914,0.0,0.0
1,-0.5583460543187373,1,2.001410967147044,3.2198428153943404,2.718163090277902,0,2,1,True,False,False,False,True,False,False,False,False,True,1,0,0,0,0,0,4.91730069488021,0.0,0.0
0,-0.5583460543187373,1,0.5019377809748362,0.29293406587188003,1.0247072737548393,0,1,0,True,False,False,False,False,True,False,False,False,True,0,0,0,0,0,0,3.4657359027997265,0.0,0.0
0,-0.5583460543187373,1,-3.078183537036835,-0.5742293633155419,-3.0185642737156977,0,1,0,False,False,True,False,False,True,False,False,False,True,0,0,0,0,0,0,0.0,0.0,0.0
1,0.07335229062787217,0,0.04192942817870387,-0.30149247832917525,-0.24790051435807572,0,2,0,False,True,False,False,False,False,True,False,False,True,0,1,0,0,0,0,0.0,2.3749057545736716,0.0
0,0.07335229062787217,0,0.4590957225503605,-0.158830107720922,0.20506410849030332,0,2,1,True,False,False,False,False,True,False,False,False,False,0,0,0,0,0,0,2.7631695003232895,0.0,0.0
1,-0.5583460543187373,1,-0.8375409692255245,-0.3574385060186863,-0.4880560764364286,0,1,0,False,False,True,False,True,False,False,False,True,False,0,0,1,0,0,0,0.0,0.0,2.169053700369523
1,0.07335229062787217,0,1.4349310175814902,0.5161349392912612,1.2844275445742237,0,3,1,True,False,False,False,True,False,False,False,False,True,1,0,0,0,0,0,3.6883580682159285,0.0,0.0
1,-0.5583460543187373,1,-0.8375409692255245,-0.3574385060186863,-0.4880560764364286,0,2,0,False,False,True,False,True,False,False,False,False,True,0,0,1,0,0,0,0.0,0.0,2.169053700369523
0,-0.5583460543187373,1,-3.078183537036835,-0.5742293633155419,-3.0185642737156977,0,1,0,False,True,False,False,False,True,False,False,False,True,0,0,0,0,0,0,0.0,0.0,0.0
0,2.6001456704143098,0,0.439564432096984,-0.43844369194412425,-0.9569293691779016,1,0,0,False,False,True,True,False,False,False,False,True,False,0,0,0,0,0,1,0.0,0.0,1.767153658425855
1,0.7050506355744817,0,0.0790473609459702,-0.3854115198634419,-0.6296406962297596,0,2,0,False,False,True,False,False,False,True,False,False,True,0,0,1,0,0,0,0.0,0.0,2.0476928433652555
0,-0.5583460543187373,1,-0.8375409692255245,-0.3574385060186863,-0.4880560764364286,0,4,0,False,False,True,False,False,True,False,False,True,False,0,0,0,0,0,0,0.0,0.0,2.169053700369523
0,-0.5583460543187373,1,-0.8253120304442058,-0.35452371797606286,-0.47424511422643134,0,1,0,False,False,True,False,False,True,False,False,False,True,0,0,0,0,0,0,0.0,0.0,2.180891922715322
0,-0.5583460543187373,1,-0.6492019524863049,-0.30848573179036415,-0.2753521706137094,0,0,0,False,False,True,False,False,True,False,False,False,True,0,0,0,0,0,0,0.0,0.0,2.3513752571634776
0,-0.5583460543187373,1,-0.8027172900910506,-0.34904660186525965,-0.44872735583853,0,1,0,False,False,True,False,False,True,False,False,False,True,0,0,0,0,0,0,0.0,0.0,2.2027647577118348
0,-0.5583460543187373,1,0.3264312852117051,0.15306899664810233,0.8264959960684631,0,1,1,True,False,False,False,False,True,False,False,False,True,0,0,0,0,0,0,3.295836866004329,0.0,0.0
0,-0.5583460543187373,1,-0.7350682364384206,-0.3319131308853469,-0.3723267343090628,0,2,0,False,False,True,False,False,True,False,False,False,False,0,0,0,0,0,0,0.0,0.0,2.2682524139135403
0,-0.5583460543187373,1,-0.6492019524863049,-0.30848573179036415,-0.2753521706137094,0,1,0,False,False,True,False,False,True,False,False,False,True,0,0,0,0,0,0,0.0,0.0,2.3513752571634776
0,-0.5583460543187373,1,-0.8204699941290207,-0.35336004060012094,-0.4687766772864564,0,1,0,False,False,True,False,False,True,False,False,False,True,0,0,0,0,0,0,0.0,0.0,2.1855792552411137
0,-0.5583460543187373,1,-0.3520250326978165,-0.21058018333371975,0.06026969177978496,0,2,0,False,True,False,False,False,True,False,False,False,True,0,0,0,0,0,0,0.0,2.6390573296152584,0.0
1,-0.5583460543187373,1,-0.8375409692255245,-0.3574385060186863,-0.4880560764364286,0,1,0,False,False,True,False,True,False,False,False,True,False,0,0,1,0,0,0,0.0,0.0,2.169053700369523
1,-0.5583460543187373,1,1.4465316698235917,1.6314427783434327,2.0915006182937486,0,1,0,True,False,False,False,True,False,False,False,False,True,1,0,0,0,0,0,4.380149874661021,0.0,0.0
1,0.07335229062787217,0,1.593734008322187,0.6996504979690877,1.461693474056613,0,1,1,True,False,False,False,False,False,True,False,False,False,1,0,0,0,0,0,3.8403035630800124,0.0,0.0
0,-0.5583460543187373,1,-0.36128971053248726,-0.21407681006431417,0.049806468621132444,0,2,1,False,True,False,False,False,True,False,False,False,False,0,0,0,0,0,0,0.0,2.630088659632498,0.0
1,-0.5583460543187373,1,-0.7152148773557141,-0.32666819078945525,-0.3499050019792198,0,1,0,False,False,True,False,True,False,False,False,False,True,0,0,1,0,0,0,0.0,0.0,2.2874714551839976
0,-0.5583460543187373,1,-0.8204699941290207,-0.35336004060012094,-0.4687766772864564,0,1,0,False,False,True,False,False,True,False,False,False,True,0,0,0,0,0,0,0.0,0.0,2.1855792552411137
0,-0.5583460543187373,1,0.3902552019016247,0.2012049588721577,0.8985766334206637,0,1,0,True,False,False,False,False,True,False,False,False,False,0,0,0,0,0,0,3.357621598945279,0.0,0.0
0,-0.5583460543187373,1,-0.9009311921448002,-0.3720068516290351,-0.5596469142742001,0,1,0,False,False,True,False,False,True,False,False,False,False,0,0,0,0,0,0,0.0,0.0,2.1076888046179385
1,1.3367489805210908,0,2.115239522927209,0.48559819872763393,1.252128832608437,1,0,1,True,False,False,False,True,False,False,False,False,True,1,0,0,1,0,0,3.6606728622237554,0.0,0.0
0,-0.5583460543187373,1,0.48566965492987507,0.2789475589495023,1.0063345859810107,0,1,1,True,False,False,False,False,True,False,False,False,True,0,0,0,0,0,0,3.449987545831587,0.0,0.0
1,0.07335229062787217,0,2.6193810538388766,2.8877220193169424,2.6121088426018817,0,3,1,True,False,False,False,False,False,True,False,False,False,1,0,0,0,0,0,4.826395097890282,0.0,0.0
1,-0.5583460543187373,1,-0.8375409692255245,-0.3574385060186863,-0.4880560764364286,0,1,0,False,False,True,False,True,False,False,False,True,False,0,0,1,0,0,0,0.0,0.0,2.169053700369523
0,0.7050506355744817,0,0.2154656684251233,-0.3574385060186863,-0.4880560764364286,0,1,0,False,False,True,False,False,True,False,False,True,False,0,0,0,0,0,0,0.0,0.0,2.169053700369523
0,-0.5583460543187373,1,-3.078183537036835,-0.5742293633155419,-3.0185642737156977,0,1,0,False,False,True,False,False,True,False,False,False,True,0,0,0,0,0,0,0.0,0.0,0.0
1,-0.5583460543187373,1,-0.4011350499118858,-0.22876264233281085,0.004806449710738586,0,1,1,False,True,False,False,True,False,False,False,True,False,0,1,0,0,0,0,0.0,2.5915163848462583,0.0
0,-0.5583460543187373,1,-0.8027172900910506,-0.34904660186525965,-0.44872735583853,0,1,0,False,False,True,False,False,True,False,False,False,True,0,0,0,0,0,0,0.0,0.0,2.2027647577118348
0,1.3367489805210908,0,2.115239522927209,0.48559819872763393,1.252128832608437,1,0,1,True,False,False,True,False,False,False,False,False,True,0,0,0,1,0,0,3.6606728622237554,0.0,0.0
1,-0.5583460543187373,1,1.7949708430014517,2.5275107227366407,2.485016387674614,0,1,0,True,False,False,False,True,False,False,False,False,False,1,0,0,0,0,0,4.717456363787216,0.0,0.0
1,0.07335229062787217,0,1.7764950358016565,0.9489012405313977,1.6660635854542525,0,1,1,True,False,False,False,False,False,True,False,False,False,1,0,0,0,0,0,4.015481713796376,0.0,0.0
0,0.07335229062787217,0,0.24693017152175384,-0.23855319717847528,-0.026187748617743454,0,1,0,False,True,False,False,False,True,False,False,False,False,0,0,0,0,0,0,0.0,2.5649493574615367,0.0
1,-0.5583460543187373,1,1.115011242842307,1.0182519364553155,1.7170923257381325,0,1,1,True,False,False,False,True,False,False,False,False,False,1,0,0,0,0,0,4.0592215752427645,0.0,0.0
1,-0.5583460543187373,1,1.5008157281664338,1.7519589138907932,2.152807252645666,0,1,1,True,False,False,False,True,False,False,False,False,False,1,0,0,0,0,0,4.432699549165613,0.0,0.0
1,1.9684473254677004,0,2.679349378726402,0.8936545381880054,1.6237524606338427,0,1,1,True,False,False,False,True,False,False,False,False,False,1,0,0,0,0,0,3.9792142549684693,0.0,0.0
1,0.7050506355744817,0,0.3264312852117051,-0.33179657666099377,-0.3718237631600347,0,1,0,False,True,False,False,False,False,True,False,False,True,0,1,0,0,0,0,0.0,2.268683541318364,0.0
0,-0.5583460543187373,1,-0.8204699941290207,-0.35336004060012094,-0.4687766772864564,0,1,0,False,False,True,False,False,True,False,False,False,True,0,0,0,0,0,0,0.0,0.0,2.1855792552411137
0,0.7050506355744817,0,0.3359521328317571,-0.3294654921739308,-0.3618096110112379,0,2,0,False,True,False,False,False,True,False,False,False,True,0,0,0,0,0,0,0.0,2.277267285009756,0.0
1,-0.5583460543187373,1,-0.8253120304442058,-0.35452371797606286,-0.47424511422643134,0,1,0,False,False,True,False,True,False,False,False,False,True,0,0,1,0,0,0,0.0,0.0,2.180891922715322
1,0.07335229062787217,0,0.3264312852117051,-0.21058018333371975,0.06026969177978496,0,1,0,False,True,False,False,False,False,True,False,False,True,0,1,0,0,0,0,0.0,2.6390573296152584,0.0
0,-0.5583460543187373,1,-0.28075507534136046,-0.1826071694889642,0.1407596431451308,0,3,0,False,True,False,False,False,False,False,True,False,True,0,0,0,0,0,0,0.0,2.70805020110221,0.0
1,0.7050506355744817,0,2.2016937924145696,0.9630434638975112,1.6766522688091319,0,1,1,True,False,False,False,True,False,False,False,False,True,1,0,0,0,0,0,4.024557923404247,0.0,0.0
1,0.7050506355744817,0,1.9928070150205484,0.6798940907243318,1.443853267538917,0,2,1,True,False,False,False,False,False,True,False,False,False,1,0,0,0,0,0,3.8250116284385163,0.0,0.0
0,-0.5583460543187373,1,-0.8983234796079217,-0.3714250129410641,-0.5567018492979666,0,1,0,False,False,True,False,False,True,False,False,False,True,0,0,0,0,0,0,0.0,0.0,2.1102132003465894
0,-0.5583460543187373,1,-0.8204699941290207,-0.35336004060012094,-0.4687766772864564,0,1,0,False,False,True,False,False,True,False,False,False,True,0,0,0,0,0,0,0.0,0.0,2.1855792552411137
1,-0.5583460543187373,1,-0.4011350499118858,-0.22876264233281085,0.004806449710738586,0,1,0,False,True,False,False,True,False,False,False,True,False,0,1,0,0,0,0,0.0,2.5915163848462583,0.0
1,0.7050506355744817,0,0.4352691882609739,-0.30382356281623824,-0.25697948283988087,0,1,0,False,True,False,False,False,False,True,False,False,True,0,1,0,0,0,0,0.0,2.367123614131617,0.0
0,5.758637395147358,0,1.3186165666534067,-0.39736362577892836,-0.6958009468470724,0,1,0,False,False,True,False,False,True,False,False,False,True,0,0,0,0,0,0,0.0,0.0,1.9909828368246127
1,-0.5583460543187373,1,2.001410967147044,3.2198428153943404,2.718163090277902,0,2,1,True,False,False,False,True,False,False,False,False,False,1,0,0,0,0,0,4.91730069488021,0.0,0.0
0,-0.5583460543187373,1,-1.0335823792670489,-0.39974768945887906,-0.7094588125278195,0,3,0,False,False,True,False,False,True,False,False,False,True,0,0,0,0,0,0,0.0,0.0,1.9792758428991135
1,-0.5583460543187373,1,-0.3520250326978165,-0.21058018333371975,0.06026969177978496,0,2,1,False,True,False,False,False,False,True,False,False,True,0,1,0,0,0,0,0.0,2.6390573296152584,0.0
1,0.7050506355744817,0,0.09232989484760502,-0.3828473269276727,-0.6159226790787165,0,1,0,False,False,True,False,False,False,True,False,False,True,0,0,1,0,0,0,0.0,0.0,2.0594513968033334
1,0.07335229062787217,0,1.1335673782966948,0.23669711883838349,0.9490094467793093,0,0,1,True,False,False,False,True,False,False,False,False,False,1,0,0,0,0,0,3.400850654892709,0.0,0.0
1,0.7050506355744817,0,0.2154656684251233,-0.3574385060186863,-0.4880560764364286,0,1,0,False,False,True,False,True,False,False,False,True,False,0,0,1,0,0,0,0.0,0.0,2.169053700369523
0,-0.5583460543187373,1,0.4179073568155333,0.2230015312599912,0.9298060698722052,0,2,1,True,False,False,False,False,True,False,False,False,True,0,0,0,0,0,0,3.3843902633457743,0.0,0.0
0,0.07335229062787217,0,2.1281096631117453,1.5721749552598572,2.060126698137256,0,2,1,True,False,False,False,False,True,False,False,False,True,0,0,0,0,0,0,4.353257364419914,0.0,0.0
0,0.7050506355744817,0,-0.03656436738729706,-0.40639128024700855,-0.7483846177143223,0,0,0,False,False,True,False,False,True,False,False,False,True,0,0,0,0,0,0,0.0,0.0,1.9459101490553132
1,0.07335229062787217,0,1.9863065015749546,1.2950672868602475,1.9010825303676195,0,1,0,True,False,False,False,False,False,True,False,False,True,1,0,0,0,0,0,4.216930858544996,0.0,0.0
0,-0.5583460543187373,1,-0.8204699941290207,-0.35336004060012094,-0.4687766772864564,0,1,0,False,False,True,False,False,True,False,False,False,True,0,0,0,0,0,0,0.0,0.0,2.1855792552411137
0,0.07335229062787217,0,1.2744931206598145,0.3572719977148177,1.1056832245282129,0,1,1,True,False,False,False,False,True,False,False,False,True,0,0,0,0,0,0,3.535145354171894,0.0,0.0
1,-0.5583460543187373,1,1.9928070150205484,3.188140998804079,2.708446069054672,0,2,1,True,False,False,False,True,False,False,False,False,False,1,0,0,0,0,0,4.908971640319756,0.0,0.0
0,-0.5583460543187373,1,-0.8027172900910506,-0.34904660186525965,-0.44872735583853,0,2,0,False,False,True,False,False,True,False,False,False,True,0,0,0,0,0,0,0.0,0.0,2.2027647577118348
0,-0.5583460543187373,1,0.6378567709605387,0.41881262817328,1.1782097213409835,0,2,1,True,False,False,False,False,True,False,False,False,True,0,0,0,0,0,0,3.597312260588446,0.0,0.0
0,0.7050506355744817,0,0.3264312852117051,-0.33179657666099377,-0.3718237631600347,1,0,1,False,True,False,True,False,False,False,False,False,True,0,0,0,0,1,0,0.0,2.268683541318364,0.0
1,2.6001456704143098,0,2.6817978384037495,0.6519210768795762,1.4181174835963783,0,1,1,True,False,False,False,True,False,False,False,False,True,1,0,0,0,0,0,3.802951910373784,0.0,0.0
0,-0.5583460543187373,1,-0.3520250326978165,-0.21058018333371975,0.06026969177978496,0,1,0,False,True,False,False,False,True,False,False,False,True,0,0,0,0,0,0,0.0,2.6390573296152584,0.0
0,-0.5583460543187373,1,-0.3520250326978165,-0.21058018333371975,0.06026969177978496,0,1,0,False,True,False,False,False,True,False,False,False,True,0,0,0,0,0,0,0.0,2.6390573296152584,0.0
0,-0.5583460543187373,1,-0.3520250326978165,-0.21058018333371975,0.06026969177978496,0,2,0,False,True,False,False,False,True,False,False,False,True,0,0,0,0,0,0,0.0,2.6390573296152584,0.0
1,-0.5583460543187373,1,-0.3520250326978165,-0.21058018333371975,0.06026969177978496,0,1,1,False,True,False,False,True,False,False,False,False,True,0,1,0,0,0,0,0.0,2.6390573296152584,0.0
1,-0.5583460543187373,1,-0.3520250326978165,-0.21058018333371975,0.06026969177978496,0,2,0,False,True,False,False,True,False,False,False,False,True,0,1,0,0,0,0,0.0,2.6390573296152584,0.0
1,0.07335229062787217,0,-0.14540227043656537,-0.34904660186525965,-0.44872735583853,0,1,0,False,False,True,False,False,False,True,False,False,True,0,0,1,0,0,0,0.0,0.0,2.2027647577118348
0,0.7050506355744817,0,-0.1575554065448543,-0.4259723899383374,-0.8713025742850975,1,0,0,False,False,True,True,False,False,False,False,False,True,0,0,0,0,0,1,0.0,0.0,1.840549633397487
0,-0.5583460543187373,1,-0.7350682364384206,-0.3319131308853469,-0.3723267343090628,0,2,0,False,False,True,False,False,True,False,False,False,True,0,0,0,0,0,0,0.0,0.0,2.2682524139135403
0,-0.5583460543187373,1,-0.6766174365655238,-0.31617831059767193,-0.30631431879007354,0,1,0,False,False,True,False,False,True,False,False,False,True,0,0,0,0,0,0,0.0,0.0,2.3248357019288655
0,-0.5583460543187373,1,0.6236082050001934,0.4048261212509022,1.1621178584619576,0,1,1,True,False,False,False,False,True,False,False,False,True,0,0,0,0,0,0,3.58351893845611,0.0,0.0
0,0.7050506355744817,0,-0.9009311921448002,-0.5068218594200395,-1.587521966484941,1,0,0,False,False,True,False,False,True,False,False,False,False,0,0,0,0,0,1,0.0,0.0,1.2266340868690149
0,0.07335229062787217,0,-0.047495735577579266,-0.3252695400972175,-0.3439979434752469,0,1,0,False,False,True,False,False,True,False,False,False,True,0,0,0,0,0,0,0.0,0.0,2.2925347571405443
0,-0.5583460543187373,1,-0.901458549250232,-0.372124338287183,-0.5602424940857058,0,1,0,False,False,True,False,False,True,False,False,False,False,0,0,0,0,0,0,0.0,0.0,2.1071782966514356
0,-0.5583460543187373,1,-0.6492019524863049,-0.30848573179036415,-0.2753521706137094,0,1,0,False,False,True,False,False,True,False,False,False,True,0,0,0,0,0,0,0.0,0.0,2.3513752571634776
1,0.07335229062787217,0,1.0800234945068525,0.19502851741523564,0.8895730635496584,0,1,1,True,False,False,False,True,False,False,False,False,True,1,0,0,0,0,0,3.349904087274605,0.0,0.0
1,-0.5583460543187373,1,-0.3520250326978165,-0.21058018333371975,0.06026969177978496,0,2,0,False,True,False,False,True,False,False,False,False,True,0,1,0,0,0,0,0.0,2.6390573296152584,0.0
1,-0.5583460543187373,1,-0.8223994323564051,-0.3538243926299439,-0.4709557215127337,0,1,0,False,False,True,False,True,False,False,False,True,False,0,0,1,0,0,0,0.0,0.0,2.1837114628556327
1,-0.5583460543187373,1,-0.8223994323564051,-0.3538243926299439,-0.4709557215127337,0,1,0,False,False,True,False,True,False,False,False,True,False,0,0,1,0,0,0,0.0,0.0,2.1837114628556327
0,2.6001456704143098,0,0.3966804868978945,-0.44415484893742857,-0.9983429434919294,0,2,0,False,False,True,False,False,True,False,False,False,True,0,0,0,0,0,0,0.0,0.0,1.7316555451583495
0,0.07335229062787217,0,0.3902552019016247,-0.18651220222169207,0.12985125955873647,0,1,0,False,True,False,False,False,True,False,False,False,False,0,0,0,0,0,0,0.0,2.6986999568277366,0.0
1,0.07335229062787217,0,-0.2499399164147771,-0.37206559495810904,-0.5599446661739235,0,2,0,False,False,True,False,False,False,True,False,False,False,0,0,1,0,0,0,0.0,0.0,2.107433583211985
0,-0.5583460543187373,1,-0.9236745593388559,-0.3770196157100152,-0.5853325269395474,0,2,0,False,False,True,False,False,True,False,False,False,True,0,0,0,0,0,0,0.0,0.0,2.0856720914304723
0,0.07335229062787217,0,-0.18229921600558732,-0.3574385060186863,-0.4880560764364286,0,1,0,False,False,True,False,False,True,False,False,True,False,0,0,0,0,0,0,0.0,0.0,2.169053700369523
0,-0.5583460543187373,1,-0.8983234796079217,-0.3714250129410641,-0.5567018492979666,0,1,0,False,False,True,False,False,True,False,False,False,True,0,0,0,0,0,0,0.0,0.0,2.1102132003465894
1,0.07335229062787217,0,1.3988766247851252,0.4782552825933855,1.244227021138031,0,3,1,True,False,False,False,False,False,True,False,False,False,1,0,0,0,0,0,3.6538997352179097,0.0,0.0
1,-0.5583460543187373,1,-0.9009311921448002,-0.3720068516290351,-0.5596469142742001,0,1,0,False,False,True,False,False,False,True,False,False,False,0,0,1,0,0,0,0.0,0.0,2.1076888046179385
1,-0.5583460543187373,1,-0.8375409692255245,-0.3574385060186863,-0.4880560764364286,0,1,0,False,False,True,False,True,False,False,False,True,False,0,0,1,0,0,0,0.0,0.0,2.169053700369523
1,-0.5583460543187373,1,1.3149495246262448,1.3643004961260172,1.942896060913262,0,1,1,True,False,False,False,False,False,True,False,False,False,1,0,0,0,0,0,4.252771798816619,0.0,0.0
0,0.07335229062787217,0,1.0881393537082165,0.20120635752284988,0.8985786644235374,0,1,1,True,False,False,False,False,True,False,False,False,False,0,0,0,0,0,0,3.357623339842346,0.0,0.0
0,0.07335229062787217,0,-0.9973579835857035,-0.48337581164916027,-1.3311050518794358,0,1,0,False,False,True,False,False,True,False,False,False,True,0,0,0,0,0,0,0.0,0.0,1.4464247431729138
0,-0.5583460543187373,1,-0.8027172900910506,-0.34904660186525965,-0.44872735583853,0,1,0,False,False,True,False,False,True,False,False,False,True,0,0,0,0,0,0,0.0,0.0,2.2027647577118348
0,-0.5583460543187373,1,2.001410967147044,3.2198428153943404,2.718163090277902,0,1,0,True,False,False,False,False,True,False,False,False,False,0,0,0,0,0,0,4.91730069488021,0.0,0.0
1,1.9684473254677004,0,0.11839332142775016,-0.4563231099598972,-1.091810131692935,1,0,0,False,False,True,False,True,False,False,False,False,True,0,0,1,0,0,1,0.0,0.0,1.6515390884527357
1,0.07335229062787217,0,1.4886229423451032,0.5750530997017776,1.3443262111076402,0,1,0,True,False,False,False,False,False,True,False,False,False,1,0,0,0,0,0,3.7397008871924475,0.0,0.0
1,-0.5583460543187373,1,-0.8983234796079217,-0.3714250129410641,-0.5567018492979666,0,1,0,False,False,True,False,True,False,False,False,False,True,0,0,1,0,0,0,0.0,0.0,2.1102132003465894
0,0.7050506355744817,0,2.457628478827599,1.3978681127397241,1.9626422286993745,0,1,1,True,False,False,False,False,True,False,False,False,False,0,0,0,0,0,0,4.269697449699962,0.0,0.0
0,-0.5583460543187373,1,-1.413047393891282,-0.4619876452634602,-1.1380141492343314,0,1,0,False,False,True,False,False,True,False,False,False,False,0,0,0,0,0,0,0.0,0.0,1.6119347926326877
0,-0.5583460543187373,1,-0.8345937356877873,-0.35673918067256744,-0.4847275675820131,0,1,0,False,False,True,False,False,True,False,False,False,True,0,0,0,0,0,0,0.0,0.0,2.1719067693519296
1,-0.5583460543187373,1,2.532731662015028,5.790330611712464,3.318219249641548,0,2,0,True,False,False,False,True,False,False,False,False,False,1,0,0,0,0,0,5.4316456135398825,0.0,0.0
1,0.7050506355744817,0,-0.16727702249620183,-0.42744843263554566,-0.8811151198408402,1,0,0,False,False,True,False,True,False,False,False,False,False,0,0,1,0,0,1,0.0,0.0,1.8321386990758308
0,-0.5583460543187373,1,-0.8170847630620884,-0.35254322859585413,-0.4649535083939167,0,1,0,False,False,True,False,False,True,False,False,False,True,0,0,0,0,0,0,0.0,0.0,2.188856327665703
1,0.07335229062787217,0,1.0231464884145276,0.15306899664810233,0.8264959960684631,0,2,0,True,False,False,False,False,False,True,False,False,True,1,0,0,0,0,0,3.295836866004329,0.0,0.0
0,-0.5583460543187373,1,-0.8204699941290207,-0.35336004060012094,-0.4687766772864564,0,1,0,False,False,True,False,False,True,False,False,False,True,0,0,0,0,0,0,0.0,0.0,2.1855792552411137
0,-0.5583460543187373,1,1.3748920230459027,1.4817871542739907,2.010593151826121,0,1,0,False,True,False,False,False,True,False,False,False,True,0,0,0,0,0,0,0.0,4.310799125385514,0.0
0,3.8635423603075285,0,0.9186307868769773,-0.41023756965066244,-0.7715288522709584,1,0,0,False,False,True,True,False,False,False,False,False,True,0,0,0,0,0,1,0.0,0.0,1.926071806835649
1,-0.5583460543187373,1,-0.3520250326978165,-0.21058018333371975,0.06026969177978496,0,2,0,False,True,False,False,True,False,False,False,False,True,0,1,0,0,0,0,0.0,2.6390573296152584,0.0
0,-0.5583460543187373,1,-0.8399994921499855,-0.3580203447066573,-0.4908326515595303,0,1,0,False,False,True,False,False,True,False,False,True,False,0,0,0,0,0,0,0.0,0.0,2.1666737276227077
1,-0.5583460543187373,1,-0.42857891285003014,-0.23855319717847528,-0.026187748617743454,0,1,0,False,True,False,False,True,False,False,False,False,False,0,1,0,0,0,0,0.0,2.5649493574615367,0.0
0,1.3367489805210908,0,1.8758904173979694,0.2649610520271245,0.9876679227584555,0,2,1,True,False,False,False,False,True,False,False,False,True,0,0,0,0,0,0,3.4339872044851463,0.0,0.0
0,-0.5583460543187373,1,-0.8321480295338104,-0.35615734198459653,-0.4819654672989589,0,1,0,False,False,True,False,False,True,False,False,False,True,0,0,0,0,0,0,0.0,0.0,2.174274334826008
0,0.7050506355744817,0,-0.8170847630620884,-0.500333985075646,-1.5107483588650077,0,1,0,False,False,True,False,False,True,False,False,False,True,0,0,0,0,0,0,0.0,0.0,1.2924414523135441
1,0.07335229062787217,0,1.8168204000705492,1.0100922083168005,1.7112029118088459,0,1,1,True,False,False,False,True,False,False,False,False,False,1,0,0,0,0,0,4.054173397532824,0.0,0.0
1,0.7050506355744817,0,-0.10977789004758143,-0.41851291957973596,-0.8229374490798329,0,1,1,False,False,True,False,False,False,True,False,False,True,0,0,1,0,0,0,0.0,0.0,1.882006347075833
0,-0.5583460543187373,1,-0.8321480295338104,-0.35615734198459653,-0.4819654672989589,0,1,0,False,False,True,False,False,True,False,False,False,True,0,0,0,0,0,0,0.0,0.0,2.174274334826008
1,-0.5583460543187373,1,-0.8253120304442058,-0.35452371797606286,-0.47424511422643134,0,1,0,False,False,True,False,True,False,False,False,False,True,0,0,1,0,0,0,0.0,0.0,2.180891922715322
0,-0.5583460543187373,1,0.3264312852117051,0.15306899664810233,0.8264959960684631,0,2,0,False,True,False,False,False,True,False,False,False,True,0,0,0,0,0,0,0.0,3.295836866004329,0.0
0,-0.5583460543187373,1,-0.555227682193912,-0.2805127179456086,-0.16922071318070772,0,1,0,False,True,False,False,False,False,False,True,False,True,0,0,0,0,0,0,0.0,2.4423470353692043,0.0
1,-0.5583460543187373,1,-0.37817844618112856,-0.22037073817938416,0.03073288472402945,0,1,0,False,True,False,False,False,False,True,False,False,True,0,1,0,0,0,0,0.0,2.613739521630969,0.0
0,-0.5583460543187373,1,-0.8170847630620884,-0.35254322859585413,-0.4649535083939167,0,2,0,False,False,True,False,False,True,False,False,False,True,0,0,0,0,0,0,0.0,0.0,2.188856327665703
0,-0.5583460543187373,1,-0.8027172900910506,-0.34904660186525965,-0.44872735583853,0,1,0,False,False,True,False,False,True,False,False,False,True,0,0,0,0,0,0,0.0,0.0,2.2027647577118348
1,0.07335229062787217,0,-0.6177128543335606,-0.4368119328031802,-0.9453620068011727,0,1,0,False,False,True,False,True,False,False,False,False,True,0,0,1,0,0,0,0.0,0.0,1.7770687538180514
0,0.07335229062787217,0,-0.16061616331521889,-0.35254322859585413,-0.4649535083939167,0,1,0,False,False,True,False,False,True,False,False,False,True,0,0,0,0,0,0,0.0,0.0,2.188856327665703
1,-0.5583460543187373,1,-0.7350682364384206,-0.3319131308853469,-0.3723267343090628,0,1,0,False,False,True,False,True,False,False,False,False,True,0,0,1,0,0,0,0.0,0.0,2.2682524139135403
0,0.07335229062787217,0,0.11487770378290146,-0.2805127179456086,-0.16922071318070772,0,2,0,False,True,False,False,False,True,False,False,False,True,0,0,0,0,0,0,0.0,2.4423470353692043,0.0
0,-0.5583460543187373,1,-0.8375409692255245,-0.3574385060186863,-0.4880560764364286,0,3,0,False,False,True,False,False,True,False,False,False,True,0,0,0,0,0,0,0.0,0.0,2.169053700369523
0,0.7050506355744817,0,0.0034279038825781004,-0.39939802678581965,-0.7074456255535291,1,0,0,False,True,False,True,False,False,False,False,False,True,0,0,0,0,1,0,0.0,1.9810014688665833,0.0
0,-0.5583460543187373,1,-0.8345937356877873,-0.35673918067256744,-0.4847275675820131,0,1,0,False,False,True,False,False,True,False,False,False,True,0,0,0,0,0,0,0.0,0.0,2.1719067693519296
1,1.9684473254677004,0,0.3058233309970645,-0.4317532929794946,-0.9102138759055994,0,1,0,False,False,True,False,True,False,False,False,False,True,0,0,1,0,0,0,0.0,0.0,1.8071963714491994
0,-0.5583460543187373,1,-0.8204699941290207,-0.35336004060012094,-0.4687766772864564,0,1,0,False,False,True,False,False,True,False,False,False,True,0,0,0,0,0,0,0.0,0.0,2.1855792552411137
0,-0.5583460543187373,1,-0.948571824065557,-0.3823820424640549,-0.6134506808056908,0,1,0,False,False,True,False,False,True,False,False,True,False,0,0,0,0,0,0,0.0,0.0,2.061570298060867
1,0.07335229062787217,0,1.581555327886654,0.6845562596984577,1.4480879058075073,0,2,1,True,False,False,False,True,False,False,False,True,False,1,0,0,0,0,0,3.828641396489095,0.0,0.0
0,-0.5583460543187373,1,-3.078183537036835,-0.5742293633155419,-3.0185642737156977,0,1,0,False,True,False,False,False,True,False,False,False,True,0,0,0,0,0,0,0.0,0.0,0.0
0,-0.5583460543187373,1,-0.8170847630620884,-0.35254322859585413,-0.4649535083939167,0,2,0,False,False,True,False,False,True,False,False,False,True,0,0,0,0,0,0,0.0,0.0,2.188856327665703
1,-0.5583460543187373,1,-0.8027172900910506,-0.34904660186525965,-0.44872735583853,0,1,0,False,False,True,False,False,False,True,False,False,True,0,0,1,0,0,0,0.0,0.0,2.2027647577118348
1,0.7050506355744817,0,0.5492592449044372,-0.27118837999735673,-0.13588582931809065,0,2,0,False,True,False,False,False,False,True,False,False,True,0,1,0,0,0,0,0.0,2.4709204078132605,0.0
1,0.7050506355744817,0,-0.3520250326978165,-0.45301296998826784,-1.0656337923339885,0,1,0,False,True,False,False,True,False,False,False,False,True,0,1,0,0,0,0,0.0,1.6739764335716716,0.0
0,-0.5583460543187373,1,-0.3520250326978165,-0.21058018333371975,0.06026969177978496,0,1,0,False,True,False,False,False,True,False,False,False,True,0,0,0,0,0,0,0.0,2.6390573296152584,0.0
1,0.7050506355744817,0,0.2531096794067489,-0.3490466018652597,-0.44872735583853,1,0,0,False,False,True,False,True,False,False,False,False,True,0,0,1,0,0,1,0.0,0.0,2.2027647577118348
0,-0.5583460543187373,1,-0.8204699941290207,-0.35336004060012094,-0.4687766772864564,0,1,0,False,False,True,False,False,True,False,False,False,False,0,0,0,0,0,0,0.0,0.0,2.1855792552411137
0,-0.5583460543187373,1,-0.8395144162261178,-0.35790565534989377,-0.49028482272717483,0,1,0,False,False,True,False,False,True,False,False,True,False,0,0,0,0,0,0,0.0,0.0,2.167143305297764
0,-0.5583460543187373,1,-0.8228881752599213,-0.3539418792880919,-0.4715076917115851,0,1,0,False,False,True,False,False,True,False,False,False,True,0,0,0,0,0,0,0.0,0.0,2.1832383353614797
1,0.7050506355744817,0,-0.25356917336204293,-0.43995889686071515,-0.9677741668314225,0,1,0,False,False,True,False,False,False,True,False,False,True,0,0,1,0,0,0,0.0,0.0,1.7578579175523736
0,0.7050506355744817,0,0.07722280117650888,-0.3857611825365013,-0.6315238952861324,0,1,0,False,False,True,False,False,True,False,False,False,True,0,0,0,0,0,0,0.0,0.0,2.0460786380107145
0,-0.5583460543187373,1,-0.8983234796079217,-0.3714250129410641,-0.5567018492979666,0,1,0,False,False,True,False,False,True,False,False,False,True,0,0,0,0,0,0,0.0,0.0,2.1102132003465894
1,0.07335229062787217,0,0.3264312852117051,-0.21058018333371975,0.06026969177978496,0,1,0,False,True,False,False,False,False,True,False,False,True,0,1,0,0,0,0,0.0,2.6390573296152584,0.0
1,-0.5583460543187373,1,0.3264312852117051,0.15306899664810233,0.8264959960684631,0,1,0,False,True,False,False,True,False,False,False,False,True,0,1,0,0,0,0,0.0,3.295836866004329,0.0
0,-0.5583460543187373,1,-0.8375409692255245,-0.3574385060186863,-0.4880560764364286,0,1,0,False,False,True,False,False,True,False,False,True,False,0,0,0,0,0,0,0.0,0.0,2.169053700369523
0,-0.5583460543187373,1,-0.8027172900910506,-0.34904660186525965,-0.44872735583853,0,1,1,False,False,True,False,False,True,False,False,False,True,0,0,0,0,0,0,0.0,0.0,2.2027647577118348
0,-0.5583460543187373,1,0.34726251575909495,0.1684541542627179,0.850022104345106,0,1,1,True,False,False,False,False,True,False,False,False,True,0,0,0,0,0,0,3.3160025355989236,0.0,0.0
1,0.07335229062787217,0,-0.14540227043656537,-0.34904660186525965,-0.44872735583853,0,1,0,False,False,True,False,False,False,True,False,False,True,0,0,1,0,0,0,0.0,0.0,2.2027647577118348
1,0.07335229062787217,0,0.3264312852117051,-0.21058018333371975,0.06026969177978496,0,2,0,False,True,False,False,False,False,True,False,False,True,0,1,0,0,0,0,0.0,2.6390573296152584,0.0
0,-0.5583460543187373,1,-0.9140948493777385,-0.37492163967165854,-0.5745135168339576,0,1,0,False,False,True,False,False,True,False,False,False,True,0,0,0,0,0,0,0.0,0.0,2.094945728215801
0,0.07335229062787217,0,1.096493359572912,0.20761637364537563,0.9078498064603956,0,3,1,True,False,False,False,False,True,False,False,False,True,0,0,0,0,0,0,3.3655702040190043,0.0,0.0
1,1.3367489805210908,0,1.8758904173979694,0.2649610520271245,0.9876679227584555,1,0,1,True,False,False,False,True,False,False,False,False,True,1,0,0,1,0,0,3.4339872044851463,0.0,0.0
1,1.9684473254677004,0,0.6055165927725422,-0.38191489313284743,-0.6109740330072039,0,1,0,False,False,True,False,True,False,False,False,False,True,0,0,1,0,0,0,0.0,0.0,2.063693184711697
1,2.6001456704143098,0,0.0034279038825781004,-0.48681369505068073,-1.365356158792074,0,1,0,False,True,False,False,False,False,True,False,False,True,0,1,0,0,0,0,0.0,1.4170660197866443,0.0
0,2.6001456704143098,0,2.6817978384037495,0.6519210768795762,1.4181174835963783,0,3,1,True,False,False,False,False,True,False,False,False,True,0,0,0,0,0,0,3.802951910373784,0.0,0.0
0,-0.5583460543187373,1,-0.555227682193912,-0.2805127179456086,-0.16922071318070772,0,1,0,False,True,False,False,False,True,False,False,False,True,0,0,0,0,0,0,0.0,2.4423470353692043,0.0
1,0.7050506355744817,0,0.3359521328317571,-0.3294654921739308,-0.3618096110112379,0,2,0,False,True,False,False,False,False,True,False,False,True,0,1,0,0,0,0,0.0,2.277267285009756,0.0
0,-0.5583460543187373,1,-0.6492019524863049,-0.30848573179036415,-0.2753521706137094,0,1,0,False,False,True,False,False,True,False,False,False,True,0,0,0,0,0,0,0.0,0.0,2.3513752571634776
0,0.07335229062787217,0,-0.8345937356877873,-0.4654842719940547,-1.1674763604550225,0,1,0,False,False,True,False,False,True,False,False,False,True,0,0,0,0,0,0,0.0,0.0,1.5866809253114842
1,-0.5583460543187373,1,-0.3520250326978165,-0.21058018333371975,0.06026969177978496,0,1,0,False,True,False,False,True,False,False,False,False,True,0,1,0,0,0,0,0.0,2.6390573296152584,0.0
0,-0.5583460543187373,1,-0.7956078012283863,-0.3472982884999624,-0.44069813238991407,0,1,0,False,False,True,False,False,True,False,False,False,True,0,0,0,0,0,0,0.0,0.0,2.2096470973347766
0,0.7050506355744817,0,1.4847342946843725,0.18904508975384246,0.8807840884178071,1,0,1,True,False,False,True,False,False,False,False,False,True,0,0,0,1,0,0,3.342370517909884,0.0,0.0
1,0.07335229062787217,0,0.04192942817870387,-0.30149247832917525,-0.24790051435807572,1,0,0,False,True,False,False,True,False,False,False,False,True,0,1,0,0,1,0,0.0,2.3749057545736716,0.0
0,-0.5583460543187373,1,0.34726251575909495,0.1684541542627179,0.850022104345106,0,2,0,True,False,False,False,False,True,False,False,False,True,0,0,0,0,0,0,3.3160025355989236,0.0,0.0
1,1.3367489805210908,0,0.02967768305196424,-0.4395511901839279,-0.9648461544516015,1,0,0,False,False,True,False,True,False,False,False,False,False,0,0,1,0,0,1,0.0,0.0,1.7603676964552861
0,-0.5583460543187373,1,0.48566965492987507,0.2789475589495023,1.0063345859810107,0,3,1,True,False,False,False,False,False,False,True,False,True,0,0,0,0,0,0,3.449987545831587,0.0,0.0
0,1.3367489805210908,0,0.3913049084830483,-0.38016657976755025,-0.6017515220383393,0,2,0,False,True,False,False,False,True,False,False,False,True,0,0,0,0,0,0,0.0,2.07159836421881,0.0
0,0.07335229062787217,0,0.06518296076414812,-0.29496497554850154,-0.22284719578967147,0,1,0,False,False,True,False,False,True,False,False,False,True,0,0,0,0,0,0,0.0,0.0,2.396380489729938
0,-0.5583460543187373,1,0.3913049084830483,0.20202177087642453,0.8997621375912932,0,1,1,True,False,False,False,False,True,False,False,False,False,0,0,0,0,0,0,3.3586377672433594,0.0,0.0
0,0.07335229062787217,0,1.5713360936988907,0.6720271467973917,1.4366727023411312,0,3,1,True,False,False,False,False,True,False,False,False,False,0,0,0,0,0,0,3.8188567258265635,0.0,0.0
0,-0.5583460543187373,1,-0.8027172900910506,-0.34904660186525965,-0.44872735583853,0,1,0,False,False,True,False,False,True,False,False,False,True,0,0,0,0,0,0,0.0,0.0,2.2027647577118348
0,-0.5583460543187373,1,-0.8204699941290207,-0.35336004060012094,-0.4687766772864564,0,1,0,False,False,True,False,False,True,False,False,False,False,0,0,0,0,0,0,0.0,0.0,2.1855792552411137
0,-0.5583460543187373,1,0.34726251575909495,0.1684541542627179,0.850022104345106,0,4,1,True,False,False,False,False,True,False,False,False,True,0,0,0,0,0,0,3.3160025355989236,0.0,0.0
1,0.07335229062787217,0,1.0204630411157376,0.15114585194627536,0.8235215925142784,0,1,1,True,False,False,False,False,False,True,False,False,True,1,0,0,0,0,0,3.293287322382011,0.0,0.0
1,-0.5583460543187373,1,-0.555227682193912,-0.2805127179456086,-0.16922071318070772,0,3,0,False,True,False,False,True,False,False,False,False,True,0,1,0,0,0,0,0.0,2.4423470353692043,0.0
0,-0.5583460543187373,1,-0.8375409692255245,-0.3574385060186863,-0.4880560764364286,0,1,0,False,False,True,False,False,True,False,False,True,False,0,0,0,0,0,0,0.0,0.0,2.169053700369523
0,-0.5583460543187373,1,0.34726251575909495,0.1684541542627179,0.850022104345106,0,2,1,True,False,False,False,False,True,False,False,False,True,0,0,0,0,0,0,3.3160025355989236,0.0,0.0
0,-0.5583460543187373,1,-0.8027172900910506,-0.34904660186525965,-0.44872735583853,0,2,0,False,False,True,False,False,True,False,False,False,True,0,0,0,0,0,0,0.0,0.0,2.2027647577118348
0,-0.5583460543187373,1,0.7194521674849125,0.5027316697075467,1.2703608849095978,0,2,1,True,False,False,False,False,True,False,False,False,True,0,0,0,0,0,0,3.676300671907076,0.0,0.0
0,-0.5583460543187373,1,-0.3520250326978165,-0.21058018333371975,0.06026969177978496,0,2,0,False,True,False,False,False,True,False,False,False,True,0,0,0,0,0,0,0.0,2.6390573296152584,0.0
0,-0.5583460543187373,1,-0.8027172900910506,-0.34904660186525965,-0.44872735583853,0,1,0,False,False,True,False,False,True,False,False,False,True,0,0,0,0,0,0,0.0,0.0,2.2027647577118348
0,-0.5583460543187373,1,-0.9236745593388559,-0.3770196157100152,-0.5853325269395474,0,2,0,False,False,True,False,False,True,False,False,False,True,0,0,0,0,0,0,0.0,0.0,2.0856720914304723
0,-0.5583460543187373,1,-3.078183537036835,-0.5742293633155419,-3.0185642737156977,0,1,0,False,True,False,False,False,True,False,False,False,True,0,0,0,0,0,0,0.0,0.0,0.0
0,-0.5583460543187373,1,0.34726251575909495,0.1684541542627179,0.850022104345106,0,3,0,True,False,False,False,False,True,False,False,False,True,0,0,0,0,0,0,3.3160025355989236,0.0,0.0
0,-0.5583460543187373,1,-0.8404966354887363,-0.35813783136480526,-0.491394108934305,0,1,0,False,False,True,False,False,True,False,False,True,False,0,0,0,0,0,0,0.0,0.0,2.1661924680884908
1,1.3367489805210908,0,0.02967768305196424,-0.4395511901839279,-0.9648461544516015,1,0,0,False,False,True,False,True,False,False,False,False,False,0,0,1,0,0,1,0.0,0.0,1.7603676964552861
0,-0.5583460543187373,1,-0.8983234796079217,-0.3714250129410641,-0.5567018492979666,0,1,0,False,False,True,False,False,True,False,False,False,True,0,0,0,0,0,0,0.0,0.0,2.1102132003465894
0,-0.5583460543187373,1,-0.7350682364384206,-0.3319131308853469,-0.3723267343090628,0,2,0,False,False,True,False,False,True,False,False,False,True,0,0,0,0,0,0,0.0,0.0,2.2682524139135403
1,1.3367489805210908,0,0.3913049084830483,-0.38016657976755025,-0.6017515220383393,0,2,0,False,True,False,False,False,False,True,False,False,True,0,1,0,0,0,0,0.0,2.07159836421881,0.0
1,-0.5583460543187373,1,-0.2952006005016174,-0.18843394827282675,0.1244453410082482,0,1,1,False,True,False,False,False,False,True,False,False,False,0,1,0,0,0,0,0.0,2.694066212646058,0.0
1,-0.5583460543187373,1,-0.6165206964929282,-0.29904483961775913,-0.23844303241528428,0,1,0,False,False,True,False,True,False,False,False,False,True,0,0,1,0,0,0,0.0,0.0,2.3830123421066602
0,-0.5583460543187373,1,1.0231464884145276,0.8803673566117465,1.61334328630628,0,1,1,True,False,False,False,False,True,False,False,False,True,0,0,0,0,0,0,3.970291913552122,0.0,0.0
0,0.07335229062787217,0,0.11487770378290146,-0.2805127179456086,-0.16922071318070772,0,2,0,False,True,False,False,False,True,False,False,False,True,0,0,0,0,0,0,0.0,2.4423470353692043,0.0
0,0.07335229062787217,0,-0.9242136589358122,-0.4756832328418525,-1.257923215819359,0,1,0,False,False,True,False,False,True,False,False,False,True,0,0,0,0,0,0,0.0,0.0,1.5091533810317492
0,-0.5583460543187373,1,-0.8649604944066499,-0.36384992079190426,-0.5190227885006914,0,1,0,False,False,True,False,False,True,False,False,False,True,0,0,0,0,0,0,0.0,0.0,2.142510233146819
1,0.07335229062787217,0,-0.4059825700897083,-0.4023701595068249,-0.7246694786091146,1,0,0,False,False,True,False,True,False,False,False,False,True,0,0,1,0,0,1,0.0,0.0,1.9662378485609837
0,3.8635423603075285,0,0.9186307868769773,-0.41023756965066244,-0.7715288522709584,1,0,0,False,False,True,True,False,False,False,False,False,True,0,0,0,0,0,1,0.0,0.0,1.926071806835649
0,-0.5583460543187373,1,-3.078183537036835,-0.5742293633155419,-3.0185642737156977,0,1,0,False,True,False,False,False,True,False,False,False,True,0,0,0,0,0,0,0.0,0.0,0.0
0,-0.5583460543187373,1,-0.8027172900910506,-0.34904660186525965,-0.44872735583853,0,3,0,False,False,True,False,False,True,False,False,False,True,0,0,0,0,0,0,0.0,0.0,2.2027647577118348
1,-0.5583460543187373,1,-0.6406292505539781,-0.306038093078948,-0.2656704423344084,0,3,0,False,False,True,False,False,False,True,False,False,True,0,0,1,0,0,0,0.0,0.0,2.3596740599781727
0,0.07335229062787217,0,1.593734008322187,0.6996504979690877,1.461693474056613,0,1,1,True,False,False,False,False,True,False,False,False,False,0,0,0,0,0,0,3.8403035630800124,0.0,0.0
1,1.9684473254677004,0,0.3058233309970645,-0.4317532929794946,-0.9102138759055994,0,1,0,False,False,True,False,True,False,False,False,False,True,0,0,1,0,0,0,0.0,0.0,1.8071963714491994
1,0.07335229062787217,0,1.581555327886654,0.6845562596984577,1.4480879058075073,0,2,1,True,False,False,False,False,False,True,False,False,True,1,0,0,0,0,0,3.828641396489095,0.0,0.0
0,-0.5583460543187373,1,0.4590957225503605,0.25656914787369783,0.976322858681733,0,3,1,True,False,False,False,False,True,False,False,False,False,0,0,0,0,0,0,3.4242626545931514,0.0,0.0
0,-0.5583460543187373,1,-0.8027172900910506,-0.34904660186525965,-0.44872735583853,0,1,0,False,False,True,False,False,True,False,False,False,True,0,0,0,0,0,0,0.0,0.0,2.2027647577118348
0,0.7050506355744817,0,-0.1575554065448543,-0.4259723899383374,-0.8713025742850975,1,0,0,False,False,True,True,False,False,False,False,False,True,0,0,0,0,0,1,0.0,0.0,1.840549633397487
0,0.07335229062787217,0,0.06518296076414812,-0.29496497554850154,-0.22284719578967147,0,1,0,False,False,True,False,False,True,False,False,False,True,0,0,0,0,0,0,0.0,0.0,2.396380489729938
0,-0.5583460543187373,1,-0.8983234796079217,-0.3714250129410641,-0.5567018492979666,0,1,0,False,False,True,False,False,True,False,False,False,True,0,0,0,0,0,0,0.0,0.0,2.1102132003465894
0,-0.5583460543187373,1,0.48566965492987507,0.2789475589495023,1.0063345859810107,0,3,1,True,False,False,False,False,True,False,False,False,True,0,0,0,0,0,0,3.449987545831587,0.0,0.0
0,-0.5583460543187373,1,0.973319082892732,0.8105523086580055,1.5570698494210622,0,4,0,True,False,False,False,False,True,False,False,False,False,0,0,0,0,0,0,3.922056501139853,0.0,0.0
0,-0.5583460543187373,1,-0.8027172900910506,-0.34904660186525965,-0.44872735583853,0,1,0,False,False,True,False,False,True,False,False,False,True,0,0,0,0,0,0,0.0,0.0,2.2027647577118348
0,-0.5583460543187373,1,-0.2496658965776702,-0.16978713724391276,0.175870741558764,0,1,0,False,False,True,False,False,True,False,False,False,False,0,0,0,0,0,0,0.0,0.0,2.738146075922933
1,0.07335229062787217,0,1.4389579291164387,0.5204483780261225,1.2889186377503916,0,3,1,True,False,False,False,True,False,False,False,False,False,1,0,0,0,0,0,3.6922076594889166,0.0,0.0
0,-0.5583460543187373,1,-0.20765029573652205,-0.15183685425973312,0.22332178255455956,0,1,0,False,False,True,False,False,True,False,False,False,True,0,0,0,0,0,0,0.0,0.0,2.7788192719904172
1,1.3367489805210908,0,2.115239522927209,0.48559819872763393,1.252128832608437,0,1,1,True,False,False,False,False,False,True,False,False,True,1,0,0,0,0,0,3.6606728622237554,0.0,0.0
0,-0.5583460543187373,1,-0.8321480295338104,-0.35615734198459653,-0.4819654672989589,0,1,0,False,False,True,False,False,True,False,False,False,True,0,0,0,0,0,0,0.0,0.0,2.174274334826008
0,-0.5583460543187373,1,-0.7350682364384206,-0.3319131308853469,-0.3723267343090628,0,1,0,False,False,True,False,False,True,False,False,False,True,0,0,0,0,0,0,0.0,0.0,2.2682524139135403
1,-0.5583460543187373,1,-0.8375409692255245,-0.3574385060186863,-0.4880560764364286,0,1,0,False,False,True,False,True,False,False,False,True,False,0,0,1,0,0,0,0.0,0.0,2.169053700369523
1,-0.5583460543187373,1,-0.8519016960657464,-0.3608176460911328,-0.5042746101330224,0,1,0,False,False,True,False,True,False,False,False,True,False,0,0,1,0,0,0,0.0,0.0,2.155151800914312
1,-0.5583460543187373,1,-0.6406292505539781,-0.306038093078948,-0.2656704423344084,0,2,0,False,False,True,False,True,False,False,False,False,True,0,0,1,0,0,0,0.0,0.0,2.3596740599781727
1,-0.5583460543187373,1,1.5410401486561045,1.8454363342558129,2.1982353933237873,0,0,1,True,False,False,False,True,False,False,False,False,True,1,0,0,0,0,0,4.471638793363569,0.0,0.0
0,0.07335229062787217,0,1.7764950358016565,0.9489012405313977,1.6660635854542525,0,1,1,True,False,False,False,False,True,False,False,False,False,0,0,0,0,0,0,4.015481713796376,0.0,0.0
1,0.7050506355744817,0,0.3264312852117051,-0.33179657666099377,-0.3718237631600347,0,2,0,False,True,False,False,False,False,True,False,False,True,0,1,0,0,0,0,0.0,2.268683541318364,0.0
0,-0.5583460543187373,1,0.34726251575909495,0.1684541542627179,0.850022104345106,0,1,0,True,False,False,False,False,True,False,False,False,True,0,0,0,0,0,0,3.3160025355989236,0.0,0.0
0,-0.5583460543187373,1,0.18411094848968412,0.05586277353757678,0.6657640775160042,0,1,0,False,False,True,False,False,True,False,False,False,True,0,0,0,0,0,0,0.0,0.0,3.1580636854714434
0,-0.5583460543187373,1,1.1072537150765218,1.0061284322549986,1.70833122841545,0,1,0,False,False,True,False,False,True,False,False,False,True,0,0,0,0,0,0,0.0,0.0,4.05171190165724
0,-0.5583460543187373,1,-0.8375409692255245,-0.3574385060186863,-0.4880560764364286,0,1,0,False,False,True,False,False,True,False,False,True,False,0,0,0,0,0,0,0.0,0.0,2.169053700369523
0,-0.5583460543187373,1,-0.8027172900910506,-0.34904660186525965,-0.44872735583853,0,1,0,False,False,True,False,False,True,False,False,False,True,0,0,0,0,0,0,0.0,0.0,2.2027647577118348
0,-0.5583460543187373,1,0.3373727216244065,0.16111123812846959,0.8388528953482068,0,2,1,True,False,False,False,False,True,False,False,False,True,0,0,0,0,0,0,3.3064287218760624,0.0,0.0
1,0.07335229062787217,0,1.1581572954170904,0.25656914787369783,0.976322858681733,0,3,0,True,False,False,False,False,False,True,False,False,False,1,0,0,0,0,0,3.4242626545931514,0.0,0.0
0,-0.5583460543187373,1,-0.8679957817069123,-0.36454924613802325,-0.5224507423853283,0,1,0,False,False,True,False,False,True,False,False,False,True,0,0,0,0,0,0,0.0,0.0,2.139571923732859
0,-0.5583460543187373,1,0.595121275544225,0.37743494609411765,1.1299456550328049,0,2,1,True,False,False,False,False,True,False,False,False,True,0,0,0,0,0,0,3.5559421706858756,0.0,0.0
1,-0.5583460543187373,1,-0.555227682193912,-0.2805127179456086,-0.16922071318070772,0,2,1,False,True,False,False,False,False,True,False,False,True,0,1,0,0,0,0,0.0,2.4423470353692043,0.0
0,-0.5583460543187373,1,0.2531096794067489,0.10131892103530453,0.7436889802630104,0,1,0,False,False,True,False,False,True,False,False,True,False,0,0,0,0,0,0,0.0,0.0,3.224857896545748
1,0.07335229062787217,0,0.3264312852117051,-0.21058018333371975,0.06026969177978496,0,2,0,False,True,False,False,False,False,True,False,False,True,0,1,0,0,0,0,0.0,2.6390573296152584,0.0
0,-0.5583460543187373,1,-0.8204699941290207,-0.35336004060012094,-0.4687766772864564,0,1,0,False,False,True,False,False,True,False,False,False,True,0,0,0,0,0,0,0.0,0.0,2.1855792552411137
1,-0.5583460543187373,1,1.6205412623460553,2.0412474311691016,2.2880213425757314,0,1,1,True,False,False,False,True,False,False,False,False,True,1,0,0,0,0,0,4.548599834499697,0.0,0.0
0,-0.5583460543187373,1,-0.8204699941290207,-0.35336004060012094,-0.4687766772864564,0,1,0,False,False,True,False,False,True,False,False,False,True,0,0,0,0,0,0,0.0,0.0,2.1855792552411137
0,-0.5583460543187373,1,-0.901458549250232,-0.372124338287183,-0.5602424940857058,0,1,0,False,False,True,False,False,True,False,False,False,False,0,0,0,0,0,0,0.0,0.0,2.1071782966514356
1,0.07335229062787217,0,1.1335673782966948,0.23669711883838349,0.9490094467793093,0,2,1,True,False,False,False,False,False,True,False,False,False,1,0,0,0,0,0,3.400850654892709,0.0,0.0
0,-0.5583460543187373,1,-0.9009311921448002,-0.3720068516290351,-0.5596469142742001,0,1,0,False,False,True,False,False,True,False,False,False,False,0,0,0,0,0,0,0.0,0.0,2.1076888046179385
0,-0.5583460543187373,1,-0.8375409692255245,-0.3574385060186863,-0.4880560764364286,0,2,0,False,False,True,False,False,True,False,False,True,False,0,0,0,0,0,0,0.0,0.0,2.169053700369523
1,-0.5583460543187373,1,-0.555227682193912,-0.2805127179456086,-0.16922071318070772,0,3,0,False,True,False,False,True,False,False,False,False,True,0,1,0,0,0,0,0.0,2.4423470353692043,0.0
0,-0.5583460543187373,1,2.5064267489661636,5.629603268763267,3.2885113439473823,0,1,1,True,False,False,False,False,True,False,False,False,True,0,0,0,0,0,0,5.406181146423973,0.0,0.0
0,-0.5583460543187373,1,-0.8170847630620884,-0.35254322859585413,-0.4649535083939167,0,2,0,False,False,True,False,False,True,False,False,False,True,0,0,0,0,0,0,0.0,0.0,2.188856327665703
0,1.3367489805210908,0,-0.46909409208058006,-0.4938069485118696,-1.4382950057238668,0,1,0,False,True,False,False,False,True,False,False,False,True,0,0,0,0,0,0,0.0,1.3545456628053103,0.0
1,0.7050506355744817,0,0.3264312852117051,-0.33179657666099377,-0.3718237631600347,1,0,0,False,True,False,False,True,False,False,False,False,True,0,1,0,0,1,0,0.0,2.268683541318364,0.0
0,-0.5583460543187373,1,-0.9009311921448002,-0.3720068516290351,-0.5596469142742001,0,1,0,False,False,True,False,False,True,False,False,False,False,0,0,0,0,0,0,0.0,0.0,2.1076888046179385
0,0.7050506355744817,0,-0.9009311921448002,-0.5068218594200395,-1.587521966484941,0,1,0,False,False,True,False,False,True,False,False,False,False,0,0,0,0,0,0,0.0,0.0,1.2266340868690149
1,0.7050506355744817,0,0.17676493822332395,-0.36575301816714256,-0.5283750879770513,0,1,0,False,False,True,False,False,False,True,False,False,False,0,0,1,0,0,0,0.0,0.0,2.134493803953674
1,-0.5583460543187373,1,-0.7350682364384206,-0.3319131308853469,-0.3723267343090628,0,1,0,False,False,True,False,True,False,False,False,False,True,0,0,1,0,0,0,0.0,0.0,2.2682524139135403
1,0.7050506355744817,0,0.3359521328317571,-0.3294654921739308,-0.3618096110112379,1,0,0,False,True,False,False,True,False,False,False,False,True,0,1,0,0,1,0,0.0,2.277267285009756,0.0
0,-0.5583460543187373,1,0.34726251575909495,0.1684541542627179,0.850022104345106,0,2,1,True,False,False,False,False,False,False,True,False,True,0,0,0,0,0,0,3.3160025355989236,0.0,0.0
1,-0.5583460543187373,1,1.7529653262911296,2.4027986351125667,2.4375767353652984,0,1,0,True,False,False,False,True,False,False,False,False,False,1,0,0,0,0,0,4.676792929661059,0.0,0.0
0,-0.5583460543187373,1,-0.2468830357530056,-0.16862066256658642,0.17901361326434795,0,1,0,False,False,True,False,False,True,False,False,False,True,0,0,0,0,0,0,0.0,0.0,2.740840023925201
1,0.7050506355744817,0,0.9732331732067908,-0.11267463487707534,0.3205982330576789,0,1,1,True,False,False,False,True,False,False,False,False,False,1,0,0,0,0,0,2.8622008809294686,0.0,0.0
1,0.7050506355744817,0,1.3396324686025278,0.08779863101033943,0.7210501934081217,0,2,1,True,False,False,False,True,False,False,False,False,True,1,0,0,0,0,0,3.20545280453606,0.0,0.0
1,3.2318440153609194,0,0.5107772368542245,-0.44924993360200904,-1.036572332294849,1,0,0,False,False,True,False,True,False,False,False,False,True,0,0,1,0,0,1,0.0,0.0,1.698886792488434
1,3.2318440153609194,0,0.5107772368542245,-0.44924993360200904,-1.036572332294849,1,0,0,False,False,True,False,True,False,False,False,False,True,0,0,1,0,0,1,0.0,0.0,1.698886792488434
0,0.07335229062787217,0,0.3264312852117051,-0.21058018333371975,0.06026969177978496,0,1,0,False,True,False,False,False,True,False,False,False,True,0,0,0,0,0,0,0.0,2.6390573296152584,0.0
0,0.07335229062787217,0,1.7529653262911296,0.9142846358985125,1.6397322466620714,0,3,1,True,False,False,False,False,True,False,False,False,False,0,0,0,0,0,0,3.9929115091614844,0.0,0.0
0,-0.5583460543187373,1,0.3264312852117051,0.15306899664810233,0.8264959960684631,0,3,0,True,False,False,False,False,True,False,False,False,True,0,0,0,0,0,0,3.295836866004329,0.0,0.0
1,0.07335229062787217,0,0.3264312852117051,-0.21058018333371975,0.06026969177978496,0,1,0,False,True,False,False,False,False,True,False,False,True,0,1,0,0,0,0,0.0,2.6390573296152584,0.0
0,-0.5583460543187373,1,-0.29026795227723845,-0.18645345889261805,0.13001611206535557,0,1,0,False,True,False,False,False,True,False,False,False,False,0,0,0,0,0,0,0.0,2.6988412620169004,0.0
0,0.7050506355744817,0,0.09232989484760502,-0.3828473269276727,-0.6159226790787165,0,2,0,False,False,True,False,False,True,False,False,False,True,0,0,0,0,0,0,0.0,0.0,2.0594513968033334
0,0.7050506355744817,0,0.6726413588893821,-0.2315599437172864,-0.003965332681934989,1,0,0,False,True,False,True,False,False,False,False,False,True,0,0,0,0,1,0,0.0,2.583997552432231,0.0
0,0.7050506355744817,0,1.7949708430014517,0.4596839987018524,1.2240000417002208,0,1,1,True,False,False,False,False,True,False,False,False,False,0,0,0,0,0,0,3.6365619511933205,0.0,0.0
0,-0.5583460543187373,1,0.3264312852117051,0.15306899664810233,0.8264959960684631,0,1,0,False,True,False,False,False,True,False,False,False,True,0,0,0,0,0,0,0.0,3.295836866004329,0.0
0,-0.5583460543187373,1,-0.8282328639447757,-0.3552230433221817,-0.47754380774509453,0,1,0,False,False,True,False,False,True,False,False,True,False,0,0,0,0,0,0,0.0,0.0,2.17806441028492
0,-0.5583460543187373,1,-0.901458549250232,-0.372124338287183,-0.5602424940857058,0,1,0,False,False,True,False,False,True,False,False,False,False,0,0,0,0,0,0,0.0,0.0,2.1071782966514356
1,-0.5583460543187373,1,-0.8345937356877873,-0.35673918067256744,-0.4847275675820131,0,1,0,False,False,True,False,True,False,False,False,False,True,0,0,1,0,0,0,0.0,0.0,2.1719067693519296
0,-0.5583460543187373,1,0.34726251575909495,0.1684541542627179,0.850022104345106,0,3,0,True,False,False,False,False,True,False,False,False,True,0,0,0,0,0,0,3.3160025355989236,0.0,0.0
1,0.07335229062787217,0,0.7478261140509098,-0.02036368918938202,0.5221380195984706,0,2,1,True,False,False,False,False,False,False,True,False,False,1,0,0,0,0,0,3.0349529867072724,0.0,0.0
0,-0.5583460543187373,1,2.532731662015028,5.790330611712464,3.318219249641548,0,1,0,True,False,False,False,False,True,False,False,False,False,0,0,0,0,0,0,5.4316456135398825,0.0,0.0
1,0.7050506355744817,0,1.4568296208187692,0.1684541542627179,0.850022104345106,0,2,1,True,False,False,False,False,False,True,False,False,True,1,0,0,0,0,0,3.3160025355989236,0.0,0.0
1,0.07335229062787217,0,-0.06971174566620364,-0.3308641428661686,-0.3678077813557901,0,2,0,False,False,True,False,False,False,True,False,False,True,0,0,1,0,0,0,0.0,0.0,2.272125885509337
0,-0.5583460543187373,1,-0.8375409692255245,-0.3574385060186863,-0.4880560764364286,0,1,0,False,False,True,False,False,True,False,False,True,False,0,0,0,0,0,0,0.0,0.0,2.169053700369523
0,-0.5583460543187373,1,-0.8204699941290207,-0.35336004060012094,-0.4687766772864564,0,2,0,False,False,True,False,False,True,False,False,False,True,0,0,0,0,0,0,0.0,0.0,2.1855792552411137
0,-0.5583460543187373,1,-0.3157755360088145,-0.19659367641134196,0.10120868394057844,0,1,0,False,True,False,False,False,True,False,False,False,True,0,0,0,0,0,0,0.0,2.6741486494265287,0.0
0,-0.5583460543187373,1,-0.8027172900910506,-0.34904660186525965,-0.44872735583853,0,1,0,False,False,True,False,False,True,False,False,False,True,0,0,0,0,0,0,0.0,0.0,2.2027647577118348
1,-0.5583460543187373,1,-0.8027172900910506,-0.34904660186525965,-0.44872735583853,0,1,0,False,False,True,False,True,False,False,False,False,True,0,0,1,0,0,0,0.0,0.0,2.2027647577118348
0,0.7050506355744817,0,0.2531096794067489,-0.3490466018652597,-0.44872735583853,0,1,0,False,False,True,False,False,True,False,False,False,True,0,0,0,0,0,0,0.0,0.0,2.2027647577118348
0,-0.5583460543187373,1,-0.8204699941290207,-0.35336004060012094,-0.4687766772864564,0,1,0,False,False,True,False,False,True,False,False,False,True,0,0,0,0,0,0,0.0,0.0,2.1855792552411137
1,1.9684473254677004,0,0.11839332142775016,-0.4563231099598972,-1.091810131692935,0,1,0,False,False,True,False,False,False,True,False,False,True,0,0,1,0,0,0,0.0,0.0,1.6515390884527357
0,-0.5583460543187373,1,-0.9009311921448002,-0.3720068516290351,-0.5596469142742001,0,1,0,False,False,True,False,False,True,False,False,False,False,0,0,0,0,0,0,0.0,0.0,2.1076888046179385
0,-0.5583460543187373,1,-0.8253120304442058,-0.35452371797606286,-0.47424511422643134,0,1,0,False,False,True,False,False,True,False,False,False,True,0,0,0,0,0,0,0.0,0.0,2.180891922715322
0,-0.5583460543187373,1,-0.555227682193912,-0.2805127179456086,-0.16922071318070772,0,3,0,False,True,False,False,False,True,False,False,False,True,0,0,0,0,0,0,0.0,2.4423470353692043,0.0
1,0.7050506355744817,0,1.0129455540919277,-0.09421990520989533,0.36377074653232555,0,3,1,True,False,False,False,False,False,True,False,False,True,1,0,0,0,0,0,2.89920668877752,0.0,0.0
0,-0.5583460543187373,1,0.3411514351356179,0.1639085395129451,0.8431204504025727,0,2,1,True,False,False,False,False,True,False,False,False,True,0,0,0,0,0,0,3.3100867049215847,0.0,0.0
1,-0.5583460543187373,1,-0.8375409692255245,-0.3574385060186863,-0.4880560764364286,0,1,0,False,False,True,False,True,False,False,False,True,False,0,0,1,0,0,0,0.0,0.0,2.169053700369523
0,-0.5583460543187373,1,-0.8027172900910506,-0.34904660186525965,-0.44872735583853,0,0,0,False,False,True,False,False,True,False,False,False,True,0,0,0,0,0,0,0.0,0.0,2.2027647577118348
0,-0.5583460543187373,1,-0.2468830357530056,-0.16862066256658642,0.17901361326434795,0,1,0,False,False,True,False,False,True,False,False,False,True,0,0,0,0,0,0,0.0,0.0,2.740840023925201
1,-0.5583460543187373,1,-0.3520250326978165,-0.21058018333371975,0.06026969177978496,0,2,0,False,True,False,False,True,False,False,False,False,True,0,1,0,0,0,0,0.0,2.6390573296152584,0.0
1,0.07335229062787217,0,1.096493359572912,0.20761637364537563,0.9078498064603956,0,2,1,True,False,False,False,False,False,True,False,False,True,1,0,0,0,0,0,3.3655702040190043,0.0,0.0
1,0.07335229062787217,0,-0.2496658965776702,-0.3720082502797272,-0.5596540027220829,0,1,0,False,False,True,False,False,False,True,False,False,False,0,0,1,0,0,0,0.0,0.0,2.107682728674724
0,-0.5583460543187373,1,-0.8170847630620884,-0.35254322859585413,-0.4649535083939167,0,1,0,False,False,True,False,False,True,False,False,False,True,0,0,0,0,0,0,0.0,0.0,2.188856327665703
1,0.7050506355744817,0,0.4691412278493287,-0.29449922486798635,-0.2210799869044717,0,1,0,False,True,False,False,True,False,False,False,False,True,0,1,0,0,0,0,0.0,2.3978952727983707,0.0
1,0.7050506355744817,0,1.7949708430014517,0.4596839987018524,1.2240000417002208,0,2,1,True,False,False,False,False,False,True,False,False,False,1,0,0,0,0,0,3.6365619511933205,0.0,0.0
0,-0.5583460543187373,1,0.3264312852117051,0.15306899664810233,0.8264959960684631,0,3,0,False,True,False,False,False,True,False,False,False,True,0,0,0,0,0,0,0.0,3.295836866004329,0.0
0,-0.5583460543187373,1,0.7610983050290626,0.5481878172052744,1.3173946661804026,0,2,1,True,False,False,False,False,True,False,False,False,False,0,0,0,0,0,0,3.716616209085536,0.0,0.0
0,-0.5583460543187373,1,-0.7297365876774317,-0.33051448019310914,-0.3663053451377078,0,1,0,False,False,True,False,False,True,False,False,False,False,0,0,0,0,0,0,0.0,0.0,2.2734137156937657
1,0.7050506355744817,0,1.4568296208187692,0.1684541542627179,0.850022104345106,0,1,1,True,False,False,False,True,False,False,False,False,True,1,0,0,0,0,0,3.3160025355989236,0.0,0.0
0,-0.5583460543187373,1,-0.21408648262749808,-0.15463415564420865,0.21605296426073176,0,2,0,False,True,False,False,False,True,False,False,False,True,0,0,0,0,0,0,0.0,2.772588722239781,0.0
0,0.7050506355744817,0,1.451049660518055,0.16425820218600462,0.8436527988316596,0,3,1,True,False,False,False,False,True,False,False,False,False,0,0,0,0,0,0,3.3105430133940246,0.0,0.0
0,-0.5583460543187373,1,-0.8027172900910506,-0.34904660186525965,-0.44872735583853,0,1,0,False,False,True,False,False,True,False,False,False,True,0,0,0,0,0,0,0.0,0.0,2.2027647577118348
0,-0.5583460543187373,1,-0.8027172900910506,-0.34904660186525965,-0.44872735583853,0,1,0,False,False,True,False,False,True,False,False,False,True,0,0,0,0,0,0,0.0,0.0,2.2027647577118348
0,-0.5583460543187373,1,-0.9140948493777385,-0.37492163967165854,-0.5745135168339576,0,2,0,False,False,True,False,False,True,False,False,False,True,0,0,0,0,0,0,0.0,0.0,2.094945728215801
1,0.07335229062787217,0,1.4389579291164387,0.5204483780261225,1.2889186377503916,0,3,1,True,False,False,False,False,False,True,False,False,False,1,0,0,0,0,0,3.6922076594889166,0.0,0.0
0,-0.5583460543187373,1,-0.8983234796079217,-0.3714250129410641,-0.5567018492979666,0,2,0,False,False,True,False,False,True,False,False,False,True,0,0,0,0,0,0,0.0,0.0,2.1102132003465894
1,0.7050506355744817,0,-0.8375409692255245,-0.50196574421659,-1.5295872709527956,0,1,0,False,False,True,False,True,False,False,False,True,False,0,0,1,0,0,0,0.0,0.0,1.2762934659055623
0,0.07335229062787217,0,0.3264312852117051,-0.21058018333371975,0.06026969177978496,0,2,0,False,True,False,False,False,True,False,False,False,True,0,0,0,0,0,0,0.0,2.6390573296152584,0.0
0,0.7050506355744817,0,0.2531096794067489,-0.3490466018652597,-0.44872735583853,0,2,0,False,False,True,False,False,True,False,False,False,True,0,0,0,0,0,0,0.0,0.0,2.2027647577118348
1,-0.5583460543187373,1,0.5645632974736786,0.34888009356139116,1.0954344772525255,0,1,0,False,True,False,False,True,False,False,False,False,True,0,1,0,0,0,0,0.0,3.5263605246161616,0.0
0,-0.5583460543187373,1,-3.078183537036835,-0.5742293633155419,-3.0185642737156977,0,3,0,False,False,True,False,False,True,False,False,False,True,0,0,0,0,0,0,0.0,0.0,0.0
0,-0.5583460543187373,1,-0.901458549250232,-0.372124338287183,-0.5602424940857058,0,1,0,False,False,True,False,False,True,False,False,False,False,0,0,0,0,0,0,0.0,0.0,2.1071782966514356
0,0.07335229062787217,0,1.115011242842307,0.22201128656988686,0.9284052593431684,0,3,1,True,False,False,False,False,False,False,True,False,False,0,0,0,0,0,0,3.383189542769255,0.0,0.0
1,1.3367489805210908,0,0.36399923090451786,-0.3854115198634419,-0.6296406962297596,0,1,0,False,True,False,False,False,False,True,False,False,True,0,1,0,0,0,0,0.0,2.0476928433652555,0.0
0,-0.5583460543187373,1,-0.8204699941290207,-0.35336004060012094,-0.4687766772864564,0,1,0,False,False,True,False,False,True,False,False,False,True,0,0,0,0,0,0,0.0,0.0,2.1855792552411137
0,-0.5583460543187373,1,0.8167186143067187,0.6118264237020932,1.3802104184937227,0,1,0,True,False,False,False,False,True,False,False,False,True,0,0,0,0,0,0,3.770459441106359,0.0,0.0
0,-0.5583460543187373,1,-0.8027172900910506,-0.34904660186525965,-0.44872735583853,0,2,0,False,False,True,False,False,True,False,False,False,True,0,0,0,0,0,0,0.0,0.0,2.2027647577118348
0,-0.5583460543187373,1,0.34726251575909495,0.1684541542627179,0.850022104345106,0,2,0,True,False,False,False,False,True,False,False,False,False,0,0,0,0,0,0,3.3160025355989236,0.0,0.0
0,0.07335229062787217,0,-0.17917363221632693,-0.35673918067256744,-0.4847275675820131,0,2,0,False,False,True,False,False,True,False,False,False,True,0,0,0,0,0,0,0.0,0.0,2.1719067693519296
0,-0.5583460543187373,1,-0.8204699941290207,-0.35336004060012094,-0.4687766772864564,0,1,0,False,False,True,False,False,True,False,False,False,True,0,0,0,0,0,0,0.0,0.0,2.1855792552411137
0,-0.5583460543187373,1,0.48566965492987507,0.2789475589495023,1.0063345859810107,0,1,0,True,False,False,False,False,True,False,False,False,True,0,0,0,0,0,0,3.449987545831587,0.0,0.0
1,1.3367489805210908,0,0.796994867650015,-0.2834554790020769,-0.17994206091881335,0,1,0,False,True,False,False,False,False,True,False,False,False,0,1,0,0,0,0,0.0,2.4331571109859165,0.0
1,-0.5583460543187373,1,2.1281096631117453,3.7185792738352563,2.8612524403282533,0,2,1,True,False,False,False,True,False,False,False,False,True,1,0,0,0,0,0,5.039951348430309,0.0,0.0
1,3.2318440153609194,0,0.5107772368542245,-0.44924993360200904,-1.036572332294849,0,2,0,False,False,True,False,False,False,True,False,False,True,0,0,1,0,0,0,0.0,0.0,1.698886792488434
0,-0.5583460543187373,1,-0.9236745593388559,-0.3770196157100152,-0.5853325269395474,0,1,0,False,False,True,False,False,True,False,False,False,True,0,0,0,0,0,0,0.0,0.0,2.0856720914304723
1,0.07335229062787217,0,-0.18229921600558732,-0.3574385060186863,-0.4880560764364286,0,1,0,False,False,True,False,True,False,False,False,True,False,0,0,1,0,0,0,0.0,0.0,2.169053700369523
0,-0.5583460543187373,1,-0.8375409692255245,-0.3574385060186863,-0.4880560764364286,0,1,0,False,False,True,False,False,True,False,False,True,False,0,0,0,0,0,0,0.0,0.0,2.169053700369523
0,-0.5583460543187373,1,-0.8027172900910506,-0.34904660186525965,-0.44872735583853,0,2,0,False,False,True,False,False,True,False,False,False,True,0,0,0,0,0,0,0.0,0.0,2.2027647577118348
1,1.3367489805210908,0,1.249749311199081,-0.11966788833826422,0.3038117339199054,0,1,0,False,True,False,False,True,False,False,False,False,True,0,1,0,0,0,0,0.0,2.847812143477369,0.0
0,0.7050506355744817,0,-0.25356917336204293,-0.43995889686071515,-0.9677741668314225,0,2,0,False,False,True,False,False,True,False,False,False,True,0,0,0,0,0,0,0.0,0.0,1.7578579175523736
1,0.07335229062787217,0,-0.14540227043656537,-0.34904660186525965,-0.44872735583853,0,1,0,False,False,True,False,False,False,True,False,False,True,0,0,1,0,0,0,0.0,0.0,2.2027647577118348
1,1.3367489805210908,0,0.7324461080494622,-0.30149247832917525,-0.24790051435807572,1,0,1,False,True,False,False,True,False,False,False,False,True,0,1,0,0,1,0,0.0,2.3749057545736716,0.0
0,-0.5583460543187373,1,-0.555227682193912,-0.2805127179456086,-0.16922071318070772,0,1,0,False,True,False,False,False,True,False,False,False,True,0,0,0,0,0,0,0.0,2.4423470353692043,0.0
0,0.07335229062787217,0,-0.2499399164147771,-0.37206559495810904,-0.5599446661739235,0,1,0,False,False,True,False,False,True,False,False,False,False,0,0,0,0,0,0,0.0,0.0,2.107433583211985
0,0.07335229062787217,0,1.0338921247522208,0.1608203187844841,0.8384081721249899,0,2,1,True,False,False,False,False,True,False,False,False,True,0,0,0,0,0,0,3.306047522339149,0.0,0.0
0,0.7050506355744817,0,-0.16727702249620183,-0.42744843263554566,-0.8811151198408402,0,1,0,False,False,True,False,False,True,False,False,False,False,0,0,0,0,0,0,0.0,0.0,1.8321386990758308
0,-0.5583460543187373,1,-0.8253120304442058,-0.35452371797606286,-0.47424511422643134,0,1,0,False,False,True,False,False,True,False,False,False,True,0,0,0,0,0,0,0.0,0.0,2.180891922715322
0,-0.5583460543187373,1,-0.14540227043656537,-0.12386384041497751,0.2936226598782706,0,1,0,False,False,True,False,False,True,False,False,False,True,0,0,0,0,0,0,0.0,0.0,2.8390784635086144
0,-0.5583460543187373,1,0.5437186085209006,0.32988082255803314,1.0718931694944274,0,3,1,True,False,False,False,False,True,False,False,False,True,0,0,0,0,0,0,3.5061818266142577,0.0,0.0
0,-0.5583460543187373,1,-0.4011350499118858,-0.22876264233281085,0.004806449710738586,0,3,0,False,True,False,False,False,False,False,True,True,False,0,0,0,0,0,0,0.0,2.5915163848462583,0.0
1,-0.5583460543187373,1,1.4349310175814902,1.6064992418980641,2.07839922228613,0,1,1,True,False,False,False,True,False,False,False,False,True,1,0,0,0,0,0,4.368919865004903,0.0,0.0
0,-0.5583460543187373,1,-0.8204699941290207,-0.35336004060012094,-0.4687766772864564,0,1,0,False,False,True,False,False,True,False,False,False,True,0,0,0,0,0,0,0.0,0.0,2.1855792552411137
0,-0.5583460543187373,1,-0.8395144162261178,-0.35790565534989377,-0.49028482272717483,0,1,0,False,False,True,False,False,True,False,False,True,False,0,0,0,0,0,0,0.0,0.0,2.167143305297764
0,-0.5583460543187373,1,0.4691412278493287,0.2649610520271245,0.9876679227584555,0,4,1,True,False,False,False,False,True,False,False,False,True,0,0,0,0,0,0,3.4339872044851463,0.0,0.0
0,-0.5583460543187373,1,-0.9231357409379126,-0.37690212905186726,-0.5847240031169532,0,3,0,False,False,True,False,False,True,False,False,False,True,0,0,0,0,0,0,0.0,0.0,2.086193694502369
0,-0.5583460543187373,1,0.48566965492987507,0.2789475589495023,1.0063345859810107,0,1,1,True,False,False,False,False,False,False,True,False,False,0,0,0,0,0,0,3.449987545831587,0.0,0.0
0,-0.5583460543187373,1,-3.078183537036835,-0.5742293633155419,-3.0185642737156977,0,1,0,True,False,False,False,False,True,False,False,False,True,0,0,0,0,0,0,0.0,0.0,0.0
1,2.6001456704143098,0,0.3966804868978945,-0.44415484893742857,-0.9983429434919294,1,0,0,False,False,True,False,True,False,False,False,False,True,0,0,1,0,0,1,0.0,0.0,1.7316555451583495
1,-0.5583460543187373,1,-0.3520250326978165,-0.21058018333371975,0.06026969177978496,0,1,0,False,True,False,False,True,False,False,False,False,True,0,1,0,0,0,0,0.0,2.6390573296152584,0.0
0,-0.5583460543187373,1,-0.8170847630620884,-0.35254322859585413,-0.4649535083939167,0,1,0,False,False,True,False,False,True,False,False,False,True,0,0,0,0,0,0,0.0,0.0,2.188856327665703
0,0.7050506355744817,0,0.3359521328317571,-0.3294654921739308,-0.3618096110112379,0,1,0,False,True,False,False,False,True,False,False,False,True,0,0,0,0,0,0,0.0,2.277267285009756,0.0
1,2.6001456704143098,0,0.7500500215928563,-0.38919953215491926,-0.6502057579610022,0,2,0,False,False,True,False,False,False,True,False,False,True,0,0,1,0,0,0,0.0,0.0,2.0300652682819424
0,0.07335229062787217,0,-0.14540227043656537,-0.34904660186525965,-0.44872735583853,0,1,0,False,False,True,False,False,True,False,False,False,True,0,0,0,0,0,0,0.0,0.0,2.2027647577118348
0,-0.5583460543187373,1,-0.8253120304442058,-0.35452371797606286,-0.47424511422643134,0,1,0,False,False,True,False,False,True,False,False,False,True,0,0,0,0,0,0,0.0,0.0,2.180891922715322
1,-0.5583460543187373,1,1.3149495246262448,1.3643004961260172,1.942896060913262,0,1,1,True,False,False,False,True,False,False,False,False,False,1,0,0,0,0,0,4.252771798816619,0.0,0.0
1,2.6001456704143098,0,0.3966804868978945,-0.44415484893742857,-0.9983429434919294,1,0,0,False,False,True,False,True,False,False,False,False,True,0,0,1,0,0,1,0.0,0.0,1.7316555451583495
0,-0.5583460543187373,1,1.1072537150765218,1.0061284322549986,1.70833122841545,0,1,0,False,False,True,False,False,True,False,False,False,True,0,0,0,0,0,0,0.0,0.0,4.05171190165724
1,1.3367489805210908,0,0.02967768305196424,-0.4395511901839279,-0.9648461544516015,1,0,0,False,False,True,False,True,False,False,False,False,False,0,0,1,0,0,1,0.0,0.0,1.7603676964552861
0,0.07335229062787217,0,1.4187243378720666,0.4989441236329668,1.266354945040138,0,2,1,True,False,False,False,False,True,False,False,False,False,0,0,0,0,0,0,3.672866935273995,0.0,0.0
0,-0.5583460543187373,1,-0.8204699941290207,-0.35336004060012094,-0.4687766772864564,0,1,0,False,False,True,False,False,True,False,False,False,True,0,0,0,0,0,0,0.0,0.0,2.1855792552411137
0,-0.5583460543187373,1,0.6378567709605387,0.41881262817328,1.1782097213409835,0,3,1,True,False,False,False,False,False,False,True,False,False,0,0,0,0,0,0,3.597312260588446,0.0,0.0
0,-0.5583460543187373,1,-0.8614265340388997,-0.36303310878763745,-0.5150316496158369,0,1,0,False,False,True,False,False,True,False,False,False,True,0,0,0,0,0,0,0.0,0.0,2.145931282948669
1,-0.5583460543187373,1,-0.8614265340388997,-0.36303310878763745,-0.5150316496158369,0,1,0,False,False,True,False,True,False,False,False,False,True,0,0,1,0,0,0,0.0,0.0,2.145931282948669
0,-0.5583460543187373,1,-0.8204699941290207,-0.35336004060012094,-0.4687766772864564,0,1,0,False,False,True,False,False,True,False,False,False,True,0,0,0,0,0,0,0.0,0.0,2.1855792552411137
1,0.07335229062787217,0,0.20476086118634793,-0.2525397041008531,-0.07194426267758838,0,1,0,False,True,False,False,True,False,False,False,False,True,0,1,0,0,0,0,0.0,2.5257286443082556,0.0
0,-0.5583460543187373,1,-0.7598669919178372,-0.3383245456585649,-0.4003336350635578,0,1,0,False,False,True,False,False,True,False,False,False,True,0,0,0,0,0,0,0.0,0.0,2.2442459824059346
1,-0.5583460543187373,1,-0.8282328639447757,-0.3552230433221817,-0.47754380774509453,0,1,0,False,False,True,False,True,False,False,False,True,False,0,0,1,0,0,0,0.0,0.0,2.17806441028492
1,-0.5583460543187373,1,-0.9629072993553399,-0.3854115198634419,-0.6296406962297596,0,1,0,False,False,True,False,True,False,False,False,True,False,0,0,1,0,0,0,0.0,0.0,2.0476928433652555
0,0.7050506355744817,0,1.3748920230459027,0.11110947588096902,0.7598126148590305,0,1,0,False,True,False,False,False,True,False,False,False,True,0,0,0,0,0,0,0.0,3.2386784521643803,0.0
0,-0.5583460543187373,1,-0.8204699941290207,-0.35336004060012094,-0.4687766772864564,0,1,0,False,False,True,False,False,True,False,False,False,True,0,0,0,0,0,0,0.0,0.0,2.1855792552411137
1,0.7050506355744817,0,-0.18229921600558732,-0.4297021251176381,-0.8962584255800933,0,1,0,False,False,True,False,False,False,True,False,True,False,0,0,1,0,0,0,0.0,0.0,1.8191584434161694
0,-0.5583460543187373,1,-0.3520250326978165,-0.21058018333371975,0.06026969177978496,0,1,0,False,True,False,False,False,True,False,False,False,True,0,0,0,0,0,0,0.0,2.6390573296152584,0.0
0,0.7050506355744817,0,1.8168204000705492,0.48198501777268626,1.248247327721242,0,3,1,True,False,False,False,False,True,False,False,False,False,0,0,0,0,0,0,3.657345786442051,0.0,0.0
0,0.7050506355744817,0,1.9863065015749546,0.6719684034683178,1.4366189176911428,0,3,0,True,False,False,False,False,False,False,True,False,True,0,0,0,0,0,0,3.8188106237059674,0.0,0.0
0,-0.5583460543187373,1,-0.901458549250232,-0.372124338287183,-0.5602424940857058,0,2,0,False,False,True,False,False,True,False,False,False,False,0,0,0,0,0,0,0.0,0.0,2.1071782966514356
0,-0.5583460543187373,1,0.3105274704575081,0.14153012843714063,0.8085347495128297,0,2,1,True,False,False,False,False,True,False,False,False,True,0,0,0,0,0,0,3.2804411805263554,0.0,0.0
0,-0.5583460543187373,1,-0.8679957817069123,-0.36454924613802325,-0.5224507423853283,0,2,0,False,False,True,False,False,True,False,False,False,True,0,0,0,0,0,0,0.0,0.0,2.139571923732859
0,0.07335229062787217,0,-0.8170847630620884,-0.463386295955698,-1.1497099019466515,0,1,0,False,False,True,False,False,True,False,False,False,True,0,0,0,0,0,0,0.0,0.0,1.6019096460133089
0,0.7050506355744817,0,1.3748920230459027,0.11110947588096902,0.7598126148590305,0,1,0,False,True,False,False,False,True,False,False,False,True,0,0,0,0,0,0,0.0,3.2386784521643803,0.0
0,-0.5583460543187373,1,-0.3520250326978165,-0.21058018333371975,0.06026969177978496,0,1,0,False,True,False,False,False,True,False,False,False,True,0,0,0,0,0,0,0.0,2.6390573296152584,0.0
0,-0.5583460543187373,1,-0.8345937356877873,-0.35673918067256744,-0.4847275675820131,0,1,0,False,False,True,False,False,True,False,False,False,True,0,0,0,0,0,0,0.0,0.0,2.1719067693519296
0,-0.5583460543187373,1,-0.8027172900910506,-0.34904660186525965,-0.44872735583853,0,2,0,False,False,True,False,False,True,False,False,False,True,0,0,0,0,0,0,0.0,0.0,2.2027647577118348
1,0.07335229062787217,0,1.0231464884145276,0.15306899664810233,0.8264959960684631,0,1,1,True,False,False,False,False,False,True,False,False,True,1,0,0,0,0,0,3.295836866004329,0.0,0.0
1,0.7050506355744817,0,0.7324461080494622,-0.21058018333371975,0.06026969177978496,0,2,0,False,True,False,False,False,False,True,False,False,True,0,1,0,0,0,0,0.0,2.6390573296152584,0.0
0,0.07335229062787217,0,1.0231464884145276,0.15306899664810233,0.8264959960684631,0,1,1,True,False,False,False,False,True,False,False,False,True,0,0,0,0,0,0,3.295836866004329,0.0,0.0
0,-0.5583460543187373,1,-0.555227682193912,-0.2805127179456086,-0.16922071318070772,0,4,0,False,True,False,False,False,True,False,False,False,True,0,0,0,0,0,0,0.0,2.4423470353692043,0.0
0,-0.5583460543187373,1,-0.3520250326978165,-0.21058018333371975,0.06026969177978496,0,1,0,False,True,False,False,False,True,False,False,False,True,0,0,0,0,0,0,0.0,2.6390573296152584,0.0
0,-0.5583460543187373,1,-3.078183537036835,-0.5742293633155419,-3.0185642737156977,0,1,0,False,True,False,False,False,True,False,False,False,True,0,0,0,0,0,0,0.0,0.0,0.0
0,-0.5583460543187373,1,-0.8345937356877873,-0.35673918067256744,-0.4847275675820131,0,1,0,False,False,True,False,False,True,False,False,False,True,0,0,0,0,0,0,0.0,0.0,2.1719067693519296
0,-0.5583460543187373,1,-0.8027172900910506,-0.34904660186525965,-0.44872735583853,0,1,0,False,False,True,False,False,True,False,False,False,True,0,0,0,0,0,0,0.0,0.0,2.2027647577118348
1,-0.5583460543187373,1,-0.6161204400626029,-0.2989273529596112,-0.23799099593588222,0,1,0,False,False,True,False,True,False,False,False,False,True,0,0,1,0,0,0,0.0,0.0,2.3833998102837652
1,3.8635423603075285,0,0.9186307868769773,-0.41023756965066244,-0.7715288522709584,0,2,0,False,False,True,False,False,False,True,False,False,True,0,0,1,0,0,0,0.0,0.0,1.926071806835649
0,0.07335229062787217,0,3.368713137251734,6.5914665390207245,3.455965474342024,0,2,1,True,False,False,False,False,True,False,False,False,False,0,0,0,0,0,0,5.549716346809879,0.0,0.0
1,-0.5583460543187373,1,-0.7927776497204168,-0.3465989631538436,-0.437501852138283,0,1,0,False,False,True,False,True,False,False,False,True,False,0,0,1,0,0,0,0.0,0.0,2.212386825075897
0,-0.5583460543187373,1,1.4187243378720666,1.5721176105814754,2.0600959299875123,0,1,1,True,False,False,False,False,True,False,False,False,False,0,0,0,0,0,0,4.353230991152628,0.0,0.0
0,-0.5583460543187373,1,-0.6766174365655238,-0.31617831059767193,-0.30631431879007354,0,1,0,False,False,True,False,False,True,False,False,False,True,0,0,0,0,0,0,0.0,0.0,2.3248357019288655
0,3.8635423603075285,0,0.9186307868769773,-0.41023756965066244,-0.7715288522709584,1,0,0,False,False,True,False,False,True,False,False,False,True,0,0,0,0,0,1,0.0,0.0,1.926071806835649
0,0.7050506355744817,0,0.7324461080494622,-0.21058018333371975,0.06026969177978496,0,3,0,False,True,False,False,False,True,False,False,False,True,0,0,0,0,0,0,0.0,2.6390573296152584,0.0
0,1.3367489805210908,0,0.796994867650015,-0.2834554790020769,-0.17994206091881335,0,1,0,False,True,False,False,False,True,False,False,False,False,0,0,0,0,0,0,0.0,2.4331571109859165,0.0
0,2.6001456704143098,0,0.7500500215928563,-0.38919953215491926,-0.6502057579610022,1,0,0,False,False,True,False,False,True,False,False,False,True,0,0,0,0,0,1,0.0,0.0,2.0300652682819424
0,-0.5583460543187373,1,-0.5852300673586379,-0.28972143410330214,-0.20310442256298092,0,1,0,False,False,True,False,False,True,False,False,False,True,0,0,0,0,0,0,0.0,0.0,2.4133032309283076
0,-0.5583460543187373,1,-0.8321480295338104,-0.35615734198459653,-0.4819654672989589,0,1,0,False,False,True,False,False,True,False,False,False,True,0,0,0,0,0,0,0.0,0.0,2.174274334826008
1,0.07335229062787217,0,2.456838231900231,2.3816440433924706,2.4293347726658285,1,0,1,True,False,False,False,True,False,False,False,False,True,1,0,0,1,0,0,4.6697282381849305,0.0,0.0
0,0.07335229062787217,0,1.1162729911958538,0.2230015312599912,0.9298060698722052,0,1,1,True,False,False,False,False,True,False,False,False,True,0,0,0,0,0,0,3.3843902633457743,0.0,0.0
1,0.07335229062787217,0,-0.3217270813596638,-0.386576595890076,-0.6359273618366842,1,0,0,False,False,True,False,True,False,False,False,False,False,0,0,1,0,0,1,0.0,0.0,2.042304156890204
0,-0.5583460543187373,1,1.1072537150765218,1.0061284322549986,1.70833122841545,0,1,0,False,False,True,False,False,True,False,False,False,True,0,0,0,0,0,0,0.0,0.0,4.05171190165724
0,-0.5583460543187373,1,-0.901458549250232,-0.372124338287183,-0.5602424940857058,0,1,0,False,False,True,False,False,True,False,False,False,False,0,0,0,0,0,0,0.0,0.0,2.1071782966514356
0,-0.5583460543187373,1,0.34726251575909495,0.1684541542627179,0.850022104345106,0,3,0,True,False,False,False,False,False,False,True,False,True,0,0,0,0,0,0,3.3160025355989236,0.0,0.0
0,-0.5583460543187373,1,-0.3157755360088145,-0.19659367641134196,0.10120868394057844,0,3,0,False,True,False,False,False,True,False,False,False,True,0,0,0,0,0,0,0.0,2.6741486494265287,0.0
0,-0.5583460543187373,1,-0.8027172900910506,-0.34904660186525965,-0.44872735583853,0,2,0,False,False,True,False,False,True,False,False,False,True,0,0,0,0,0,0,0.0,0.0,2.2027647577118348
1,-0.5583460543187373,1,-0.8395144162261178,-0.35790565534989377,-0.49028482272717483,0,1,0,False,False,True,False,True,False,False,False,True,False,0,0,1,0,0,0,0.0,0.0,2.167143305297764
0,0.7050506355744817,0,1.7949708430014517,0.4596839987018524,1.2240000417002208,0,3,1,True,False,False,False,False,True,False,False,False,False,0,0,0,0,0,0,3.6365619511933205,0.0,0.0
0,-0.5583460543187373,1,-0.8494147166700847,-0.3602358074031619,-0.5014658972050458,0,2,1,False,False,True,False,False,True,False,False,False,True,0,0,0,0,0,0,0.0,0.0,2.157559320943788
1,0.07335229062787217,0,2.532731662015028,2.6080506241984605,2.5146588967705013,0,1,1,True,False,False,False,False,False,True,False,False,False,1,0,0,0,0,0,4.742864775469818,0.0,0.0
0,-0.5583460543187373,1,0.3373727216244065,0.16111123812846959,0.8388528953482068,0,2,1,True,False,False,False,False,True,False,False,False,True,0,0,0,0,0,0,3.3064287218760624,0.0,0.0
1,0.07335229062787217,0,-0.2499399164147771,-0.37206559495810904,-0.5599446661739235,0,1,0,False,False,True,False,True,False,False,False,False,False,0,0,1,0,0,0,0.0,0.0,2.107433583211985
0,-0.5583460543187373,1,-0.8385213129627053,-0.3576706820335978,-0.48916324448666826,0,1,0,False,False,True,False,False,True,False,False,True,False,0,0,0,0,0,0,0.0,0.0,2.1681046787623672
0,0.07335229062787217,0,-0.8253120304442058,-0.46437654064580236,-1.1580619662743312,0,1,0,False,False,True,False,False,True,False,False,False,True,0,0,0,0,0,0,0.0,0.0,1.5947505796822232
0,-0.5583460543187373,1,0.3264312852117051,0.15306899664810233,0.8264959960684631,0,2,0,False,True,False,False,False,True,False,False,False,True,0,0,0,0,0,0,0.0,3.295836866004329,0.0
1,-0.5583460543187373,1,-0.3157755360088145,-0.19659367641134196,0.10120868394057844,0,2,0,False,True,False,False,False,False,True,False,False,True,0,1,0,0,0,0,0.0,2.6741486494265287,0.0
0,-0.5583460543187373,1,0.3373727216244065,0.16111123812846959,0.8388528953482068,0,2,1,True,False,False,False,False,True,False,False,False,True,0,0,0,0,0,0,3.3064287218760624,0.0,0.0
1,-0.5583460543187373,1,2.115239522927209,3.6650808848571614,2.8467173262922314,0,1,0,True,False,False,False,True,False,False,False,False,True,1,0,0,0,0,0,5.027492411162679,0.0,0.0
0,0.7050506355744817,0,-0.19833761225710508,-0.4320723718240838,-0.9123998630202187,0,1,0,False,False,True,True,False,False,False,False,False,False,0,0,0,0,0,0,0.0,0.0,1.8053226278885095
1,-0.5583460543187373,1,0.973319082892732,0.8105523086580055,1.5570698494210622,0,1,1,True,False,False,False,True,False,False,False,False,False,1,0,0,0,0,0,3.922056501139853,0.0,0.0
0,-0.5583460543187373,1,0.34726251575909495,0.1684541542627179,0.850022104345106,0,1,1,True,False,False,False,False,True,False,False,False,True,0,0,0,0,0,0,3.3160025355989236,0.0,0.0
0,0.07335229062787217,0,1.0231464884145276,0.15306899664810233,0.8264959960684631,0,2,1,True,False,False,False,False,True,False,False,False,True,0,0,0,0,0,0,3.295836866004329,0.0,0.0
0,-0.5583460543187373,1,-0.6508462297323455,-0.30895288112157154,-0.27720916338421187,0,1,0,False,False,True,False,False,True,False,False,False,True,0,0,0,0,0,0,0.0,0.0,2.3497835148230464
0,-0.5583460543187373,1,-0.3520250326978165,-0.21058018333371975,0.06026969177978496,0,3,0,False,True,False,False,False,True,False,False,False,True,0,0,0,0,0,0,0.0,2.6390573296152584,0.0
0,-0.5583460543187373,1,-0.8494147166700847,-0.3602358074031619,-0.5014658972050458,0,1,1,False,False,True,False,False,True,False,False,False,True,0,0,0,0,0,0,0.0,0.0,2.157559320943788
1,-0.5583460543187373,1,2.532731662015028,5.790330611712464,3.318219249641548,0,2,1,True,False,False,False,True,False,False,False,False,False,1,0,0,0,0,0,5.4316456135398825,0.0,0.0
1,-0.5583460543187373,1,-0.555227682193912,-0.2805127179456086,-0.16922071318070772,0,1,1,False,True,False,False,True,False,False,False,False,True,0,1,0,0,0,0,0.0,2.4423470353692043,0.0
0,-0.5583460543187373,1,-0.18229921600558732,-0.1406476487218309,0.2519524601961409,0,1,0,False,False,True,False,False,True,False,False,True,False,0,0,0,0,0,0,0.0,0.0,2.803360380906535
0,-0.5583460543187373,1,-0.8345937356877873,-0.35673918067256744,-0.4847275675820131,0,2,0,False,False,True,False,False,True,False,False,False,True,0,0,0,0,0,0,0.0,0.0,2.1719067693519296
1,0.07335229062787217,0,0.5645632974736786,-0.11267463487707534,0.3205982330576789,1,0,0,False,True,False,False,True,False,False,False,False,True,0,1,0,0,1,0,0.0,2.8622008809294686,0.0
0,0.07335229062787217,0,-0.9231357409379126,-0.4755657461837045,-1.2568403661149172,0,1,0,False,False,True,False,False,True,False,False,False,True,0,0,0,0,0,0,0.0,0.0,1.5100815578939655
0,-0.5583460543187373,1,-0.3520250326978165,-0.21058018333371975,0.06026969177978496,0,2,0,False,True,False,False,False,True,False,False,False,True,0,0,0,0,0,0,0.0,2.6390573296152584,0.0
0,-0.5583460543187373,1,-0.3520250326978165,-0.21058018333371975,0.06026969177978496,0,3,0,False,True,False,False,False,True,False,False,False,True,0,0,0,0,0,0,0.0,2.6390573296152584,0.0
0,0.07335229062787217,0,1.0443667513097303,0.1684541542627179,0.850022104345106,0,1,1,True,False,False,False,False,True,False,False,False,True,0,0,0,0,0,0,3.3160025355989236,0.0,0.0
0,-0.5583460543187373,1,-0.7350682364384206,-0.3319131308853469,-0.3723267343090628,0,1,0,False,False,True,False,False,True,False,False,False,True,0,0,0,0,0,0,0.0,0.0,2.2682524139135403
1,1.3367489805210908,0,0.11487770378290146,-0.4273710406305752,-0.8805985721716959,0,1,0,False,True,False,False,False,False,True,False,False,True,0,1,0,0,0,0,0.0,1.8325814637483102,0.0
1,-0.5583460543187373,1,-0.8390177452515255,-0.3577881686917458,-0.48972389882498196,0,1,0,False,False,True,False,True,False,False,False,True,False,0,0,1,0,0,0,0.0,0.0,2.1676241075599285
0,0.07335229062787217,0,0.3264312852117051,-0.21058018333371975,0.06026969177978496,0,1,0,False,True,False,False,False,True,False,False,False,True,0,0,0,0,0,0,0.0,2.6390573296152584,0.0
1,0.07335229062787217,0,-0.8170847630620884,-0.463386295955698,-1.1497099019466515,0,1,0,False,False,True,False,True,False,False,False,False,True,0,0,1,0,0,0,0.0,0.0,1.6019096460133089
1,-0.5583460543187373,1,2.456838231900231,5.337517450100483,3.232507699845932,0,1,1,True,False,False,False,True,False,False,False,False,True,1,0,0,0,0,0,5.35817698994543,0.0,0.0
0,-0.5583460543187373,1,0.005387445388772386,-0.04868636570719699,0.463919617297122,1,0,0,False,False,True,False,False,True,False,False,False,False,0,0,0,0,0,1,0.0,0.0,2.9850504252071306
0,-0.5583460543187373,1,-3.078183537036835,-0.5742293633155419,-3.0185642737156977,0,1,0,False,True,False,False,False,True,False,False,False,True,0,0,0,0,0,0,0.0,0.0,0.0
0,-0.5583460543187373,1,-0.3520250326978165,-0.21058018333371975,0.06026969177978496,0,1,0,False,True,False,False,False,True,False,False,False,True,0,0,0,0,0,0,0.0,2.6390573296152584,0.0
0,-0.5583460543187373,1,-0.3520250326978165,-0.21058018333371975,0.06026969177978496,0,1,0,False,True,False,False,False,True,False,False,False,True,0,0,0,0,0,0,0.0,2.6390573296152584,0.0
0,-0.5583460543187373,1,-0.14540227043656537,-0.12386384041497751,0.2936226598782706,0,1,0,False,False,True,False,False,True,False,False,False,True,0,0,0,0,0,0,0.0,0.0,2.8390784635086144
1,1.9684473254677004,0,0.6055165927725422,-0.38191489313284743,-0.6109740330072039,0,2,0,False,False,True,False,False,False,True,False,False,True,0,0,1,0,0,0,0.0,0.0,2.063693184711697
0,-0.5583460543187373,1,3.368713137251734,13.757162441356991,4.262349297981435,0,2,1,True,False,False,False,False,True,False,False,False,False,0,0,0,0,0,0,6.240917354759096,0.0,0.0
0,-0.5583460543187373,1,-0.8204699941290207,-0.35336004060012094,-0.4687766772864564,0,1,0,False,False,True,False,False,True,False,False,False,True,0,0,0,0,0,0,0.0,0.0,2.1855792552411137
0,-0.5583460543187373,1,-0.8204699941290207,-0.35336004060012094,-0.4687766772864564,0,1,0,False,False,True,False,False,True,False,False,False,True,0,0,0,0,0,0,0.0,0.0,2.1855792552411137
0,-0.5583460543187373,1,0.4691412278493287,0.2649610520271245,0.9876679227584555,0,1,1,True,False,False,False,False,True,False,False,False,True,0,0,0,0,0,0,3.4339872044851463,0.0,0.0
0,0.07335229062787217,0,1.4465316698235917,0.5286067075139455,1.297365992944569,0,2,1,True,False,False,False,False,True,False,False,False,True,0,0,0,0,0,0,3.6994484054631704,0.0,0.0
1,1.9684473254677004,0,2.679349378726402,0.8936545381880054,1.6237524606338427,0,1,1,True,False,False,False,True,False,False,False,False,False,1,0,0,0,0,0,3.9792142549684693,0.0,0.0
0,0.07335229062787217,0,-0.14540227043656537,-0.34904660186525965,-0.44872735583853,0,1,0,False,False,True,False,False,True,False,False,False,True,0,0,0,0,0,0,0.0,0.0,2.2027647577118348
0,-0.5583460543187373,1,-0.8170847630620884,-0.35254322859585413,-0.4649535083939167,0,1,0,False,False,True,False,False,True,False,False,False,True,0,0,0,0,0,0,0.0,0.0,2.188856327665703
0,0.7050506355744817,0,1.3396324686025278,0.08779863101033943,0.7210501934081217,0,4,1,True,False,False,False,False,False,False,True,False,True,0,0,0,0,0,0,3.20545280453606,0.0,0.0
0,0.7050506355744817,0,0.0790473609459702,-0.3854115198634419,-0.6296406962297596,0,0,0,False,False,True,False,False,True,False,False,False,True,0,0,0,0,0,0,0.0,0.0,2.0476928433652555
1,-0.5583460543187373,1,-0.3520250326978165,-0.21058018333371975,0.06026969177978496,0,1,0,False,True,False,False,True,False,False,False,False,True,0,1,0,0,0,0,0.0,2.6390573296152584,0.0
0,0.07335229062787217,0,1.0443667513097303,0.1684541542627179,0.850022104345106,0,1,1,True,False,False,False,False,True,False,False,False,True,0,0,0,0,0,0,3.3160025355989236,0.0,0.0
0,-0.5583460543187373,1,-0.8375409692255245,-0.3574385060186863,-0.4880560764364286,0,1,0,False,False,True,False,False,True,False,False,True,False,0,0,0,0,0,0,0.0,0.0,2.169053700369523
1,0.7050506355744817,0,0.20476086118634793,-0.35976959050574925,-0.4992201957183561,1,0,0,False,True,False,False,True,False,False,False,False,True,0,1,0,0,1,0,0.0,2.1594842493533726,0.0
0,0.07335229062787217,0,-0.39150772343236134,-0.39974768945887906,-0.7094588125278195,1,0,1,False,False,True,True,False,False,False,False,False,True,0,0,0,0,0,1,0.0,0.0,1.9792758428991135
0,-0.5583460543187373,1,-0.6492019524863049,-0.30848573179036415,-0.2753521706137094,0,2,0,False,False,True,False,False,True,False,False,False,True,0,0,0,0,0,0,0.0,0.0,2.3513752571634776
0,-0.5583460543187373,1,-0.8204699941290207,-0.35336004060012094,-0.4687766772864564,0,1,0,False,False,True,False,False,True,False,False,False,True,0,0,0,0,0,0,0.0,0.0,2.1855792552411137
1,1.3367489805210908,0,1.249749311199081,-0.11966788833826422,0.3038117339199054,0,2,0,False,True,False,False,False,False,True,False,False,True,0,1,0,0,0,0,0.0,2.847812143477369,0.0
0,0.7050506355744817,0,-0.2468830357530056,-0.43902646306589005,-0.9610885235370418,1,0,0,False,True,False,True,False,False,False,False,False,True,0,0,0,0,1,0,0.0,1.7635885922613586,0.0
0,-0.5583460543187373,1,-0.8321480295338104,-0.35615734198459653,-0.4819654672989589,0,1,0,False,False,True,False,False,True,False,False,False,True,0,0,0,0,0,0,0.0,0.0,2.174274334826008
0,-0.5583460543187373,1,-0.46909409208058006,-0.2525397041008531,-0.07194426267758838,0,1,0,False,True,False,False,False,True,False,False,False,True,0,0,0,0,0,0,0.0,2.5257286443082556,0.0
0,-0.5583460543187373,1,-0.8027172900910506,-0.34904660186525965,-0.44872735583853,0,2,0,False,False,True,False,False,True,False,False,False,True,0,0,0,0,0,0,0.0,0.0,2.2027647577118348
1,-0.5583460543187373,1,1.5410401486561045,1.8454363342558129,2.1982353933237873,0,2,1,True,False,False,False,False,False,False,True,False,True,1,0,0,0,0,0,4.471638793363569,0.0,0.0
0,-0.5583460543187373,1,-0.2468830357530056,-0.16862066256658642,0.17901361326434795,0,1,0,False,False,True,False,False,True,False,False,False,True,0,0,0,0,0,0,0.0,0.0,2.740840023925201
0,-0.5583460543187373,1,-0.9140948493777385,-0.37492163967165854,-0.5745135168339576,0,2,0,False,False,True,False,False,True,False,False,False,True,0,0,0,0,0,0,0.0,0.0,2.094945728215801
0,-0.5583460543187373,1,-0.9009311921448002,-0.3720068516290351,-0.5596469142742001,0,1,0,False,False,True,False,False,True,False,False,False,False,0,0,0,0,0,0,0.0,0.0,2.1076888046179385
1,1.3367489805210908,0,1.8758904173979694,0.2649610520271245,0.9876679227584555,0,2,1,True,False,False,False,False,False,True,False,False,True,1,0,0,0,0,0,3.4339872044851463,0.0,0.0
0,-0.5583460543187373,1,-0.8345937356877873,-0.35673918067256744,-0.4847275675820131,0,0,0,False,False,True,False,False,True,False,False,False,True,0,0,0,0,0,0,0.0,0.0,2.1719067693519296
1,0.07335229062787217,0,1.4349310175814902,0.5161349392912612,1.2844275445742237,0,3,1,True,False,False,False,False,False,True,False,False,True,1,0,0,0,0,0,3.6883580682159285,0.0,0.0
0,-0.5583460543187373,1,0.7478261140509098,0.5335019849367778,1.3024054891699532,0,1,0,True,False,False,False,False,False,False,True,False,False,0,0,0,0,0,0,3.703768066607687,0.0,0.0
1,-0.5583460543187373,1,-0.8375409692255245,-0.3574385060186863,-0.4880560764364286,0,1,0,False,False,True,False,True,False,False,False,True,False,0,0,1,0,0,0,0.0,0.0,2.169053700369523
0,0.07335229062787217,0,0.2531096794067489,-0.23645522114011863,-0.019476465131229637,0,1,0,False,False,True,False,False,True,False,False,True,False,0,0,0,0,0,0,0.0,0.0,2.5707020099509865
0,-0.5583460543187373,1,-0.7676492704514531,-0.3403050350387736,-0.4091226850913193,0,1,0,False,False,True,False,False,True,False,False,False,True,0,0,0,0,0,0,0.0,0.0,2.236712348843338
0,-0.5583460543187373,1,-0.6492019524863049,-0.30848573179036415,-0.2753521706137094,0,1,0,False,False,True,False,False,True,False,False,False,True,0,0,0,0,0,0,0.0,0.0,2.3513752571634776
0,-0.5583460543187373,1,-0.8253120304442058,-0.35452371797606286,-0.47424511422643134,0,2,0,False,False,True,False,False,True,False,False,False,True,0,0,0,0,0,0,0.0,0.0,2.180891922715322
1,-0.5583460543187373,1,-0.555227682193912,-0.2805127179456086,-0.16922071318070772,0,3,1,False,True,False,False,False,False,True,False,False,True,0,1,0,0,0,0,0.0,2.4423470353692043,0.0
0,-0.5583460543187373,1,-0.901458549250232,-0.372124338287183,-0.5602424940857058,0,1,0,False,False,True,False,False,True,False,False,False,False,0,0,0,0,0,0,0.0,0.0,2.1071782966514356
1,1.9684473254677004,0,0.20476086118634793,-0.44555349962966634,-1.0087131589922158,0,3,0,False,True,False,False,False,False,True,False,False,True,0,1,0,0,0,0,0.0,1.7227665977411035,0.0
0,-0.5583460543187373,1,-0.8375409692255245,-0.3574385060186863,-0.4880560764364286,0,1,0,False,False,True,False,False,True,False,False,False,True,0,0,0,0,0,0,0.0,0.0,2.169053700369523
0,-0.5583460543187373,1,-0.8375409692255245,-0.3574385060186863,-0.4880560764364286,0,1,1,False,False,True,False,False,True,False,False,True,False,0,0,0,0,0,0,0.0,0.0,2.169053700369523
1,-0.5583460543187373,1,-0.39150772343236134,-0.2252660156022164,0.015679236349848795,1,0,0,False,False,True,False,True,False,False,False,False,True,0,0,1,0,0,1,0.0,0.0,2.600836116795061
0,-0.5583460543187373,1,-0.8390177452515255,-0.3577881686917458,-0.48972389882498196,0,1,0,False,False,True,False,False,True,False,False,True,False,0,0,0,0,0,0,0.0,0.0,2.1676241075599285
1,0.07335229062787217,0,2.456838231900231,2.3816440433924706,2.4293347726658285,0,2,1,True,False,False,False,False,False,True,False,False,True,1,0,0,0,0,0,4.6697282381849305,0.0,0.0
1,-0.5583460543187373,1,-0.9009311921448002,-0.3720068516290351,-0.5596469142742001,1,0,0,False,False,True,False,True,False,False,False,False,False,0,0,1,0,0,1,0.0,0.0,2.1076888046179385
1,0.07335229062787217,0,1.1162729911958538,0.2230015312599912,0.9298060698722052,0,1,1,True,False,False,False,False,False,True,False,False,True,1,0,0,0,0,0,3.3843902633457743,0.0,0.0
0,-0.5583460543187373,1,0.4691412278493287,0.2649610520271245,0.9876679227584555,0,1,1,True,False,False,False,False,True,False,False,False,True,0,0,0,0,0,0,3.4339872044851463,0.0,0.0
0,1.3367489805210908,0,0.22395035394243032,-0.41023756965066244,-0.7715288522709584,0,1,0,False,False,True,False,False,True,False,False,False,True,0,0,0,0,0,0,0.0,0.0,1.926071806835649
0,-0.5583460543187373,1,-0.9236745593388559,-0.3770196157100152,-0.5853325269395474,0,1,0,False,False,True,False,False,True,False,False,False,True,0,0,0,0,0,0,0.0,0.0,2.0856720914304723
0,-0.5583460543187373,1,-0.8983234796079217,-0.3714250129410641,-0.5567018492979666,0,1,0,False,False,True,False,False,True,False,False,False,True,0,0,0,0,0,0,0.0,0.0,2.1102132003465894
1,-0.5583460543187373,1,-0.8679957817069123,-0.36454924613802325,-0.5224507423853283,0,1,0,False,False,True,False,True,False,False,False,False,True,0,0,1,0,0,0,0.0,0.0,2.139571923732859
0,2.6001456704143098,0,0.439564432096984,-0.43844369194412425,-0.9569293691779016,1,0,0,False,False,True,True,False,False,False,False,True,False,0,0,0,0,0,1,0.0,0.0,1.767153658425855
0,1.3367489805210908,0,0.0947266584616812,-0.43034317335158045,-0.9006019936989517,1,0,0,False,False,True,True,False,False,False,False,False,True,0,0,0,0,0,1,0.0,0.0,1.8154353049133396
0,-0.5583460543187373,1,1.451049660518055,1.6412333331890974,2.096603088742098,0,2,1,True,False,False,False,False,True,False,False,False,False,0,0,0,0,0,0,4.384523514872469,0.0,0.0
0,-0.5583460543187373,1,-0.8375409692255245,-0.3574385060186863,-0.4880560764364286,0,1,0,False,False,True,False,False,True,False,False,True,False,0,0,0,0,0,0,0.0,0.0,2.169053700369523
0,-0.5583460543187373,1,0.3264312852117051,0.15306899664810233,0.8264959960684631,0,0,0,False,True,False,False,False,True,False,False,False,True,0,0,0,0,0,0,0.0,3.295836866004329,0.0
1,5.758637395147358,0,1.3186165666534067,-0.39736362577892836,-0.6958009468470724,0,1,0,False,False,True,False,True,False,False,False,False,True,0,0,1,0,0,0,0.0,0.0,1.9909828368246127
0,-0.5583460543187373,1,0.4920708068581072,0.2844246750603054,1.0135638369374647,0,1,0,True,False,False,False,False,True,False,False,False,False,0,0,0,0,0,0,3.4561841799918147,0.0,0.0
0,-0.5583460543187373,1,-0.8204699941290207,-0.35336004060012094,-0.4687766772864564,0,1,0,False,False,True,False,False,True,False,False,False,True,0,0,0,0,0,0,0.0,0.0,2.1855792552411137
0,-0.5583460543187373,1,-0.3520250326978165,-0.21058018333371975,0.06026969177978496,0,2,0,False,True,False,False,False,True,False,False,False,True,0,0,0,0,0,0,0.0,2.6390573296152584,0.0
1,-0.5583460543187373,1,0.32371895973537446,0.1510885072678937,0.8234327846709181,0,3,1,True,False,False,False,False,False,False,True,False,True,1,0,0,0,0,0,3.2932111997353943,0.0,0.0
1,-0.5583460543187373,1,-0.732846926894448,-0.331331292197376,-0.36981806019456187,0,1,0,False,False,True,False,False,False,True,False,False,True,0,0,1,0,0,0,0.0,0.0,2.270402752283094
0,-0.5583460543187373,1,-0.9009311921448002,-0.3720068516290351,-0.5596469142742001,0,1,0,False,False,True,False,False,True,False,False,False,False,0,0,0,0,0,0,0.0,0.0,2.1076888046179385
1,0.7050506355744817,0,0.2531096794067489,-0.3490466018652597,-0.44872735583853,0,1,0,False,False,True,False,False,False,True,False,False,True,0,0,1,0,0,0,0.0,0.0,2.2027647577118348
0,-0.5583460543187373,1,-0.3520250326978165,-0.21058018333371975,0.06026969177978496,0,2,0,False,True,False,False,False,True,False,False,False,True,0,0,0,0,0,0,0.0,2.6390573296152584,0.0
1,0.7050506355744817,0,0.3359521328317571,-0.3294654921739308,-0.3618096110112379,0,1,0,False,True,False,False,False,False,True,False,False,True,0,1,0,0,0,0,0.0,2.277267285009756,0.0
0,1.3367489805210908,0,1.8758904173979694,0.2649610520271245,0.9876679227584555,1,0,1,True,False,False,True,False,False,False,False,False,True,0,0,0,1,0,0,3.4339872044851463,0.0,0.0
0,0.07335229062787217,0,-0.7507743117690804,-0.455110479809727,-1.082152438494473,1,0,0,False,False,True,True,False,False,False,False,False,False,0,0,0,0,0,1,0.0,0.0,1.659817289326252
0,-0.5583460543187373,1,-0.9333439402753757,-0.3791175917483719,-0.5962528085025189,0,1,0,False,False,True,False,False,True,False,False,False,True,0,0,0,0,0,0,0.0,0.0,2.076311648670908
0,-0.5583460543187373,1,-0.8345937356877873,-0.35673918067256744,-0.4847275675820131,0,1,0,False,False,True,False,False,True,False,False,False,True,0,0,0,0,0,0,0.0,0.0,2.1719067693519296
0,-0.5583460543187373,1,-3.078183537036835,-0.5742293633155419,-3.0185642737156977,0,2,1,True,False,False,False,False,True,False,False,False,True,0,0,0,0,0,0,0.0,0.0,0.0
1,-0.5583460543187373,1,-0.8345937356877873,-0.35673918067256744,-0.4847275675820131,0,1,0,False,False,True,False,True,False,False,False,False,True,0,0,1,0,0,0,0.0,0.0,2.1719067693519296
0,-0.5583460543187373,1,-0.3520250326978165,-0.21058018333371975,0.06026969177978496,0,2,0,False,True,False,False,False,True,False,False,False,True,0,0,0,0,0,0,0.0,2.6390573296152584,0.0
1,0.07335229062787217,0,1.0443667513097303,0.1684541542627179,0.850022104345106,0,2,1,True,False,False,False,False,False,True,False,False,True,1,0,0,0,0,0,3.3160025355989236,0.0,0.0
0,-0.5583460543187373,1,-0.821434262769025,-0.3535922166150325,-0.4698656906493926,0,1,0,False,False,True,False,False,True,False,False,False,True,0,0,0,0,0,0,0.0,0.0,2.184645795129359
0,-0.5583460543187373,1,0.2531096794067489,0.10131892103530453,0.7436889802630104,0,2,0,False,False,True,False,False,True,False,False,False,True,0,0,0,0,0,0,0.0,0.0,3.224857896545748
0,-0.5583460543187373,1,-0.555227682193912,-0.2805127179456086,-0.16922071318070772,0,2,0,False,True,False,False,False,True,False,False,False,True,0,0,0,0,0,0,0.0,2.4423470353692043,0.0
1,3.2318440153609194,0,0.5107772368542245,-0.44924993360200904,-1.036572332294849,1,0,0,False,False,True,False,True,False,False,False,False,True,0,0,1,0,0,1,0.0,0.0,1.698886792488434
0,-0.5583460543187373,1,-0.8027172900910506,-0.34904660186525965,-0.44872735583853,0,1,0,False,False,True,False,False,True,False,False,False,True,0,0,0,0,0,0,0.0,0.0,2.2027647577118348
0,-0.5583460543187373,1,-3.078183537036835,-0.5742293633155419,-3.0185642737156977,0,1,1,True,False,False,False,False,True,False,False,False,True,0,0,0,0,0,0,0.0,0.0,0.0
1,-0.5583460543187373,1,-0.8170847630620884,-0.35254322859585413,-0.4649535083939167,0,1,0,False,False,True,False,True,False,False,False,False,True,0,0,1,0,0,0,0.0,0.0,2.188856327665703
0,0.7050506355744817,0,0.6795740641045035,-0.2291896970108408,0.0034715493713715078,0,1,0,False,True,False,False,False,True,False,False,False,False,0,0,0,0,0,0,0.0,2.5903721599337124,0.0
0,-0.5583460543187373,1,-1.0036890948357258,-0.3938034240168686,-0.6756983179340944,0,2,0,False,False,True,False,False,True,False,False,False,True,0,0,0,0,0,0,0.0,0.0,2.0082140323914683
0,2.6001456704143098,0,0.3966804868978945,-0.44415484893742857,-0.9983429434919294,1,0,0,False,False,True,True,False,False,False,False,False,True,0,0,0,0,0,1,0.0,0.0,1.7316555451583495
1,0.7050506355744817,0,1.6205412623460553,0.297596234846006,1.0307677630311707,0,3,1,True,False,False,False,False,False,True,False,False,True,1,0,0,0,0,0,3.4709307196768306,0.0,0.0
0,-0.5583460543187373,1,-0.7350682364384206,-0.3319131308853469,-0.3723267343090628,0,1,0,False,False,True,False,False,True,False,False,False,True,0,0,0,0,0,0,0.0,0.0,2.2682524139135403
0,-0.5583460543187373,1,-3.078183537036835,-0.5742293633155419,-3.0185642737156977,0,2,0,True,False,False,False,False,False,False,True,False,True,0,0,0,0,0,0,0.0,0.0,0.0
1,0.07335229062787217,0,-0.39150772343236134,-0.39974768945887906,-0.7094588125278195,0,1,1,False,False,True,False,False,False,True,False,False,True,0,0,1,0,0,0,0.0,0.0,1.9792758428991135
0,2.6001456704143098,0,0.7500500215928563,-0.38919953215491926,-0.6502057579610022,1,0,0,False,False,True,True,False,False,False,False,False,True,0,0,0,0,0,1,0.0,0.0,2.0300652682819424
0,-0.5583460543187373,1,-0.9365872856532554,-0.3798169170944908,-0.5999157363533228,0,1,0,False,False,True,False,False,True,False,False,True,False,0,0,0,0,0,0,0.0,0.0,2.0731719286662407
0,-0.5583460543187373,1,1.1072537150765218,1.0061284322549986,1.70833122841545,0,1,0,False,False,True,False,False,True,False,False,False,True,0,0,0,0,0,0,0.0,0.0,4.05171190165724
0,0.7050506355744817,0,0.6795740641045035,-0.2291896970108408,0.0034715493713715078,1,0,0,False,True,False,True,False,False,False,False,False,False,0,0,0,0,1,0,0.0,2.5903721599337124,0.0
0,-0.5583460543187373,1,-0.8375409692255245,-0.3574385060186863,-0.4880560764364286,0,1,0,False,False,True,False,False,True,False,False,True,False,0,0,0,0,0,0,0.0,0.0,2.169053700369523
1,-0.5583460543187373,1,1.4613028926278855,1.6636117442649017,2.1081827526631836,0,3,1,True,False,False,False,False,False,True,False,False,True,1,0,0,0,0,0,4.394449154672439,0.0,0.0
1,0.07335229062787217,0,-0.2499399164147771,-0.37206559495810904,-0.5599446661739235,1,0,0,False,False,True,False,False,False,True,False,False,False,0,0,1,0,0,1,0.0,0.0,2.107433583211985
0,0.7050506355744817,0,0.0034279038825781004,-0.39939802678581965,-0.7074456255535291,1,0,0,False,True,False,True,False,False,False,False,False,True,0,0,0,0,1,0,0.0,1.9810014688665833,0.0
0,-0.5583460543187373,1,-0.9009311921448002,-0.3720068516290351,-0.5596469142742001,0,1,0,False,False,True,False,False,True,False,False,False,False,0,0,0,0,0,0,0.0,0.0,2.1076888046179385
0,-0.5583460543187373,1,-0.8253120304442058,-0.35452371797606286,-0.47424511422643134,0,1,0,False,False,True,False,False,True,False,False,False,True,0,0,0,0,0,0,0.0,0.0,2.180891922715322
0,-0.5583460543187373,1,-0.7745682826161199,-0.34205334840407076,-0.4169367904070399,0,1,0,False,False,True,False,False,True,False,False,False,True,0,0,0,0,0,0,0.0,0.0,2.2300144001592104
1,0.7050506355744817,0,1.5008157281664338,0.20116672908656977,0.8985211179729489,0,2,1,True,False,False,False,True,False,False,False,False,False,1,0,0,0,0,0,3.357574013251851,0.0,0.0
0,-0.5583460543187373,1,-0.7350682364384206,-0.3319131308853469,-0.3723267343090628,0,1,0,False,False,True,False,False,True,False,False,False,True,0,0,0,0,0,0,0.0,0.0,2.2682524139135403
0,-0.5583460543187373,1,-0.8027172900910506,-0.34904660186525965,-0.44872735583853,0,1,0,False,False,True,False,False,True,False,False,False,True,0,0,0,0,0,0,0.0,0.0,2.2027647577118348
0,-0.5583460543187373,1,1.1072537150765218,1.0061284322549986,1.70833122841545,0,1,0,False,False,True,False,False,True,False,False,False,True,0,0,0,0,0,0,0.0,0.0,4.05171190165724
0,-0.5583460543187373,1,0.4590957225503605,0.25656914787369783,0.976322858681733,0,1,1,True,False,False,False,False,True,False,False,False,False,0,0,0,0,0,0,3.4242626545931514,0.0,0.0
0,-0.5583460543187373,1,-0.8170847630620884,-0.35254322859585413,-0.4649535083939167,0,1,0,False,False,True,False,False,True,False,False,False,True,0,0,0,0,0,0,0.0,0.0,2.188856327665703
0,-0.5583460543187373,1,-0.555227682193912,-0.2805127179456086,-0.16922071318070772,0,0,0,False,True,False,False,False,True,False,False,False,True,0,0,0,0,0,0,0.0,2.4423470353692043,0.0
1,-0.5583460543187373,1,0.5019377809748362,0.29293406587188003,1.0247072737548393,0,1,0,True,False,False,False,True,False,False,False,False,False,1,0,0,0,0,0,3.4657359027997265,0.0,0.0
0,-0.5583460543187373,1,-1.0054237798013086,-0.394153086689928,-0.6776574142166364,0,2,0,False,False,True,False,False,True,False,False,False,False,0,0,0,0,0,0,0.0,0.0,2.006534770871748
0,-0.5583460543187373,1,-0.7350682364384206,-0.3319131308853469,-0.3723267343090628,0,1,0,False,False,True,False,False,True,False,False,False,True,0,0,0,0,0,0,0.0,0.0,2.2682524139135403
0,-0.5583460543187373,1,-0.8614265340388997,-0.36303310878763745,-0.5150316496158369,0,2,0,False,False,True,False,False,True,False,False,False,True,0,0,0,0,0,0,0.0,0.0,2.145931282948669
0,5.758637395147358,0,1.3186165666534067,-0.39736362577892836,-0.6958009468470724,0,1,0,False,False,True,False,False,True,False,False,False,True,0,0,0,0,0,0,0.0,0.0,1.9909828368246127
0,-0.5583460543187373,1,-0.8204699941290207,-0.35336004060012094,-0.4687766772864564,0,2,0,False,False,True,False,False,True,False,False,False,False,0,0,0,0,0,0,0.0,0.0,2.1855792552411137
0,0.07335229062787217,0,0.5645632974736786,-0.11267463487707534,0.3205982330576789,0,1,0,False,True,False,False,False,False,False,True,False,True,0,0,0,0,0,0,0.0,2.8622008809294686,0.0
1,0.07335229062787217,0,1.5713360936988907,0.6720271467973917,1.4366727023411312,0,1,1,True,False,False,False,False,False,True,False,False,False,1,0,0,0,0,0,3.8188567258265635,0.0,0.0
0,3.2318440153609194,0,0.5107772368542245,-0.44924993360200904,-1.036572332294849,1,0,0,False,False,True,True,False,False,False,False,False,True,0,0,0,0,0,1,0.0,0.0,1.698886792488434
0,-0.5583460543187373,1,-0.8345937356877873,-0.35673918067256744,-0.4847275675820131,0,4,0,False,False,True,False,False,True,False,False,False,True,0,0,0,0,0,0,0.0,0.0,2.1719067693519296
1,0.7050506355744817,0,-0.19833761225710508,-0.4320723718240838,-0.9123998630202187,1,0,0,False,False,True,False,True,False,False,False,False,False,0,0,1,0,0,1,0.0,0.0,1.8053226278885095
1,0.07335229062787217,0,0.7427248461321648,-0.023160990573857614,0.5165156397426246,0,0,1,True,False,False,False,True,False,False,False,False,True,1,0,0,0,0,0,3.0301337002713233,0.0,0.0
1,0.07335229062787217,0,0.3264312852117051,-0.21058018333371975,0.06026969177978496,0,2,0,False,True,False,False,False,False,True,False,False,True,0,1,0,0,0,0,0.0,2.6390573296152584,0.0
1,0.07335229062787217,0,-0.6640655852431808,-0.44345552359130963,-0.9931921997517428,0,1,0,False,False,True,False,False,False,True,False,False,True,0,0,1,0,0,0,0.0,0.0,1.7360705633674662
1,0.7050506355744817,0,2.2016937924145696,0.9630434638975112,1.6766522688091319,0,2,0,True,False,False,False,False,False,True,False,False,True,1,0,0,0,0,0,4.024557923404247,0.0,0.0
0,-0.5583460543187373,1,0.34726251575909495,0.1684541542627179,0.850022104345106,0,3,1,True,False,False,False,False,True,False,False,False,True,0,0,0,0,0,0,3.3160025355989236,0.0,0.0
1,1.3367489805210908,0,0.02967768305196424,-0.4395511901839279,-0.9648461544516015,0,1,0,False,False,True,False,False,False,True,False,False,False,0,0,1,0,0,0,0.0,0.0,1.7603676964552861
0,-0.5583460543187373,1,-0.9009311921448002,-0.3720068516290351,-0.5596469142742001,0,1,0,False,False,True,False,False,True,False,False,False,False,0,0,0,0,0,0,0.0,0.0,2.1076888046179385
0,0.7050506355744817,0,-0.2733235772789777,-0.4426788062402203,-0.9874979694809283,0,2,0,False,False,True,False,False,True,False,False,False,True,0,0,0,0,0,0,0.0,0.0,1.740951437198638
0,0.07335229062787217,0,-0.46909409208058006,-0.41338453370819744,-0.7908126229197517,0,1,0,False,True,False,False,False,True,False,False,False,True,0,0,0,0,0,0,0.0,1.9095425048844386,0.0
1,-0.5583460543187373,1,0.32371895973537446,0.1510885072678937,0.8234327846709181,0,2,1,True,False,False,False,False,False,True,False,False,True,1,0,0,0,0,0,3.2932111997353943,0.0,0.0
1,5.758637395147358,0,1.3186165666534067,-0.39736362577892836,-0.6958009468470724,0,1,0,False,False,True,False,True,False,False,False,False,True,0,0,1,0,0,0,0.0,0.0,1.9909828368246127
0,-0.5583460543187373,1,-0.3520250326978165,-0.21058018333371975,0.06026969177978496,0,1,0,False,True,False,False,False,True,False,False,False,True,0,0,0,0,0,0,0.0,2.6390573296152584,0.0
1,-0.5583460543187373,1,-0.3520250326978165,-0.21058018333371975,0.06026969177978496,0,2,0,False,True,False,False,False,False,True,False,False,True,0,1,0,0,0,0,0.0,2.6390573296152584,0.0
1,0.07335229062787217,0,-0.2905599107424718,-0.38040015443315395,-0.6029794381949117,0,1,0,False,True,False,False,True,False,False,False,False,False,0,1,0,0,0,0,0.0,2.070545842007651,0.0
0,-0.5583460543187373,1,0.9934045669386284,0.8382903491864653,1.5797537360679679,0,1,1,True,False,False,False,False,True,False,False,False,True,0,0,0,0,0,0,3.941500250945973,0.0,0.0
0,-0.5583460543187373,1,-0.6492019524863049,-0.30848573179036415,-0.2753521706137094,0,1,0,False,False,True,False,False,True,False,False,False,True,0,0,0,0,0,0,0.0,0.0,2.3513752571634776
0,0.7050506355744817,0,-0.49985170813525875,-0.47041871163626947,-1.2103615196774171,1,0,0,False,False,True,True,False,False,False,False,False,True,0,0,0,0,0,1,0.0,0.0,1.5499214264083454
0,-0.5583460543187373,1,-0.8204699941290207,-0.35336004060012094,-0.4687766772864564,0,1,0,False,False,True,False,False,True,False,False,False,True,0,0,0,0,0,0,0.0,0.0,2.1855792552411137
1,0.7050506355744817,0,1.0338921247522208,-0.08419624191552456,0.3865670898852743,0,2,1,True,False,False,False,False,False,True,False,False,True,1,0,0,0,0,0,2.9187468321201777,0.0,0.0
0,-0.5583460543187373,1,-1.2272876660183207,-0.4343642940917641,-0.9282232076268702,0,2,1,True,False,False,False,False,True,False,False,False,True,0,0,0,0,0,0,1.791759469228055,0.0,0.0
0,-0.5583460543187373,1,-0.699602419155206,-0.32247223871274194,-0.3322728039554818,0,2,0,False,False,True,False,False,True,False,False,False,True,0,0,0,0,0,0,0.0,0.0,2.302585092994046
1,0.07335229062787217,0,0.24693017152175384,-0.23855319717847528,-0.026187748617743454,0,1,0,False,True,False,False,False,False,True,False,False,False,0,1,0,0,0,0,0.0,2.5649493574615367,0.0
1,-0.5583460543187373,1,-0.901458549250232,-0.372124338287183,-0.5602424940857058,1,0,0,False,False,True,False,True,False,False,False,False,False,0,0,1,0,0,1,0.0,0.0,2.1071782966514356
0,-0.5583460543187373,1,-0.6157298630820474,-0.29881266360284764,-0.23754989110945296,0,1,0,False,False,True,False,False,True,False,False,False,True,0,0,0,0,0,0,0.0,0.0,2.3837779082709782
0,-0.5583460543187373,1,-0.8204699941290207,-0.35336004060012094,-0.4687766772864564,0,1,0,False,False,True,False,False,True,False,False,False,True,0,0,0,0,0,0,0.0,0.0,2.1855792552411137
0,-0.5583460543187373,1,-0.8204699941290207,-0.35336004060012094,-0.4687766772864564,0,1,0,False,False,True,False,False,True,False,False,False,True,0,0,0,0,0,0,0.0,0.0,2.1855792552411137
1,0.07335229062787217,0,1.5008157281664338,0.5888647752876256,1.3579336962177149,0,3,1,True,False,False,False,False,False,True,False,False,False,1,0,0,0,0,0,3.7513646968424084,0.0,0.0
1,0.07335229062787217,0,0.3264312852117051,-0.21058018333371975,0.06026969177978496,0,1,0,False,True,False,False,False,False,True,False,False,True,0,1,0,0,0,0,0.0,2.6390573296152584,0.0
0,-0.5583460543187373,1,-0.8204699941290207,-0.35336004060012094,-0.4687766772864564,0,2,0,False,False,True,False,False,True,False,False,False,True,0,0,0,0,0,0,0.0,0.0,2.1855792552411137
1,-0.5583460543187373,1,-0.5537286679344147,-0.28004556861440116,-0.1675277756609132,0,1,0,False,False,True,False,True,False,False,False,False,True,0,0,1,0,0,0,0.0,0.0,2.4437981558973862
0,-0.5583460543187373,1,-0.555227682193912,-0.2805127179456086,-0.16922071318070772,0,1,0,False,True,False,False,False,True,False,False,False,True,0,0,0,0,0,0,0.0,2.4423470353692043,0.0
0,-0.5583460543187373,1,-0.9236745593388559,-0.3770196157100152,-0.5853325269395474,0,1,0,False,False,True,False,False,True,False,False,False,True,0,0,0,0,0,0,0.0,0.0,2.0856720914304723
1,2.6001456704143098,0,0.439564432096984,-0.43844369194412425,-0.9569293691779016,0,2,0,False,False,True,False,False,False,True,False,True,False,0,0,1,0,0,0,0.0,0.0,1.767153658425855
0,-0.5583460543187373,1,-0.3520250326978165,-0.21058018333371975,0.06026969177978496,0,1,0,False,True,False,False,False,False,False,True,False,True,0,0,0,0,0,0,0.0,2.6390573296152584,0.0
1,-0.5583460543187373,1,0.4691412278493287,0.2649610520271245,0.9876679227584555,0,1,1,True,False,False,False,True,False,False,False,False,True,1,0,0,0,0,0,3.4339872044851463,0.0,0.0
1,1.3367489805210908,0,0.22395035394243032,-0.41023756965066244,-0.7715288522709584,0,1,0,False,False,True,False,True,False,False,False,False,True,0,0,1,0,0,0,0.0,0.0,1.926071806835649
0,-0.5583460543187373,1,0.4691412278493287,0.2649610520271245,0.9876679227584555,0,1,1,True,False,False,False,False,True,False,False,False,False,0,0,0,0,0,0,3.4339872044851463,0.0,0.0
0,-0.5583460543187373,1,-0.8375409692255245,-0.3574385060186863,-0.4880560764364286,0,1,0,False,False,True,False,False,True,False,False,True,False,0,0,0,0,0,0,0.0,0.0,2.169053700369523
